uttitako01_001	d a r e m o o k a s e n a i
uttitako01_002	d a r e m o f u r e r a r e e n a i
uttitako01_003	h o k o r i t a k a k i t e r i t o r i
uttitako01_004	k e g a r e n a k i s u h a d a w a
uttitako01_005	m u t e k i n o y a i i b a
uttitako01_006	s u k i m a k a r a k i r a m e k u
uttitako01_007	o t o m e w a r a i k a f a i y a r a i k a N n a i s u b u r o w i N b u r o w i N i N z a w i N
uttitako01_008	z a sh a i n i w e i t u r o r i a s u j a s u d a N s u r a i k a b e
uttitako01_009	e r a b a s e t a r i sh i n a i w a
uttitako01_010	w a t a sh i g a e r a b u n o
uttitako01_011	i m a m o
uttitako01_012	m i r a i m o k i p o N d a N sh i N z e cl t a i sh i N s e ry o i k i
uttitako01_013	sh i N j i t e r u k u m o r i n a i k o n o g a r a s u n o b u r e b a r i
uttitako01_014	d a k i sh i m e
uttitako01_015	k i r i h i r a k e t a ch i h a d a k a r u d e s u t e n i
uttitako01_016	k o e t e y u k e w a t a sh i g a w a t a sh i d e a r u t a m e n i
uttitako01_017	h o r i h o r i d o m e e i N
uttitako02_001	n a m i u ch i g i w a n i t a d a y o u sh i N p i n o s a k a n a
uttitako02_002	k o n o y o n o h a t e w a m a a r u k u ts u n a g a r i m a s u y o
uttitako02_003	n a m i u ch i g i w a d e k a t a r a u s e k a i n o k a t a ch i
uttitako02_004	n a n a ts u n o u m i w a f u sh i g i o a i sh i t e r u
uttitako02_005	m u r o m i
uttitako02_006	k o k o d a
uttitako02_007	m u r o m i
uttitako02_008	k o k o d a
uttitako02_009	z u cl t o m a a t e t a k i s e k i y o r i m e n o m a e n o e g a o g a s e k a i d a
uttitako02_010	k o N n a k o o t o g a k i s e k i n a r a a sh i t a k a r a ch i ky u u d a i k a i t e N
uttitako02_011	d a i k a i t e N
uttitako02_012	t a i h e N d a
uttitako02_013	t a i h e N d a
uttitako02_014	m o i cl k a i y u z o t a i h e N d a
uttitako02_015	z a N sh i N n a
uttitako02_016	s o g u w a h o r a f u k i b a n a sh i d e o sh i m a i
uttitako02_017	t a i h e N d a
uttitako02_018	t a i h e N d a
uttitako02_019	n i N g e N w a m i N n a t a i h e N d a
uttitako02_020	ch o j o n a
uttitako02_021	h a k e N g a m u d a g u ch i b a n a sh i n o n a r e a i m u r o m i
uttitako02_022	y a m e t e
uttitako02_023	m u r o m i
uttitako02_024	y a m e t e
uttitako03_001	t a k a r a k a n i w a r a i w a r a e b a f u r e N z u
uttitako03_002	k e N k a sh i t e s u cl ch a k a m e cl ch a k a sh i t e m o n a k a y o sh i
uttitako03_003	k e m o n o w a i t e m o n o k e m o n o w a i n a i h o N t o n o a i w a k o
uttitako03_004	k o n i
uttitako03_005	a r u h o r a
uttitako03_006	k i m i m o
uttitako03_007	t e w o ts u n a i d e d a i b o o k e e N
uttitako03_008	w e k a N t u y o k o s o j a p a r i p a ky o o m o d o cl t a N b a cl t a N o o s a w a g i
uttitako03_009	s u g a t a k a t a ch i m o j u u n i N t o i r o d a k a r a h i k a r e a u n o
uttitako03_010	y u g u r e z o r a n i y u b i o s o
uttitako03_011	t o k a s a n e t a r a
uttitako03_012	h a j i m e m a sh i t e
uttitako03_013	k i m i o m o
uttitako03_014	t o sh i r i t a i n a
uttitako04_001	d a i k i r a i d a a t a s o b a k a s u w o ch o o t o h i t o n a d e sh i t e t a m e i k i o h i t o ts u
uttitako04_002	h e b i ky u n o k o i w a m i g o t o n i
uttitako04_003	k a k u z a t o t o i i sh o n i t o k e t a
uttitako04_004	m a e y o r i m o m o o t o y a s e t a m u n e n i ch o o t o ch i k u cl t o s a s a r u t o g e g a i t a i
uttitako04_005	h o sh i u r a n a i m o
uttitako04_006	a t e n i n a r a n a i w a
uttitako04_007	m o w o t o t o w o k u m a d e
uttitako04_008	i i sh o n i y u k e t a r a a n e e e
uttitako04_009	u r e sh i k u t e
uttitako04_010	s o r e d a k e d e
uttitako04_011	o m o i d e w a
uttitako04_012	i ts u m o k i r e i d a k e d o
uttitako04_013	s o r e d a k e j a o n a k a g a s u k u w a
uttitako04_014	h o N t o o w a
uttitako04_015	s e ts u n a i y o r u n a n o n i
uttitako04_016	d o w o sh i
uttitako04_017	t e k a sh i r a
uttitako04_018	a n o h i t o n o e g a o m o o m o i d a s e n a i n o
uttitako05_001	a t a sh i s a k u r a N b o
uttitako05_002	t e ch o o h i r a k u t o m o o n i n e N t a ts u n a a t e
uttitako05_003	y a a p a j i i k a N s u r u n e
uttitako05_004	n a N d a k a t e r e t a r i s u r u u n e
uttitako05_005	s o i y a h i d o i k o t o m o s a r e t a sh i h i d o i k o t o m o y u
uttitako05_006	t a sh i
uttitako05_007	n a k a m i g a i i p a i ts u m a a t a a m a i a m a i m o n o d e e s u
uttitako05_008	n a k i n a k i n o i ch i n i ch i y a j i t e N sh a n o t a b i y a k a k i a r a w a s e r e n a i d a cl t e o i d a m o N
uttitako05_009	e g a o s a k u k i m i i t o
uttitako05_010	ts u n a g a a t e
uttitako05_011	t a i
uttitako05_012	m o sh i a n o m u k o w o o n i
uttitako05_013	m i e r u m o n o g a a r u n a r a a i sh i a u
uttitako05_014	f u t a a r i sh i a w a s e n o s o r a
uttitako05_015	t o n a r i d o o sh i a n a t a t o a t a sh i s a k u r a N b o
uttitako06_001	t e n o h i r a d e f u r u e t a
uttitako06_002	s o r e g a ch i s a n a y u k i n i n a t e i t a N d a
uttitako06_003	e m o j i w a n i g a t e d a cl t a
uttitako06_004	d a k e d o k i m i k a r a d a cl t a r a w a k u w a k u sh i ch a u
uttitako06_005	h e N j i w a s u g u n i sh i ch a d a m e d a cl t e
uttitako06_006	d a r e k a n i k i i t a k o t o a r u k e d o
uttitako06_007	k a k e h i k i n a N t e d e k i n a i n o o
uttitako06_008	s u k i n a n o y o o
uttitako06_009	a a a a a a
uttitako06_010	k o i sh i ch a cl t a N d a
uttitako06_011	t a b u N k i z u i t e n a i d e sh o o
uttitako06_012	h o sh i n o y o r u n e g a i k o m e t e e ch e r i
uttitako06_013	y u b i s a k i d e o k u r u k i m i e n o m e s e j i
uttitako07_001	a n o a n o d o N n a i r o g a
uttitako07_002	i m a d e s u k a e g a o n o h o w a i t o
uttitako07_003	n a m i d a n o b u r u
uttitako07_004	k a s a n e t e m i t a t o k i
uttitako07_005	h o N j i ts u s e i t e N n a r i
uttitako07_006	ky a N b a s u n i m i r u k u n o a i s u r a m u n e g o k u N
uttitako07_007	g e N k i n i k a r a t o cl p i N g u o i
uttitako07_008	r a f u g a k i p u r i z u
uttitako07_009	m i N n a n o
uttitako07_010	n i g a o e k o N t e s u
uttitako07_011	y o sh i a t o d e p u N
uttitako07_012	o
uttitako07_013	k o r a n a i d e n e
uttitako07_014	s u i i ch i
uttitako07_015	o s a r e t a r a
uttitako07_016	w a h a h a
uttitako07_017	n a N k a i i k i m o ch i n a r e b a i i k a N j i
uttitako07_018	ky o s o o d a
uttitako07_019	i ch i h a y a k u r i N g o t a b e y o s o w o j a n a i N d a y o
uttitako07_020	s o w o d e i i N d a y o
uttitako07_021	k u d a m o n o w a m o d e r u s a N
uttitako07_022	s a a d e e s a N sh i m a sh o w o k a
uttitako07_023	sh u k u d a i d a y o N
uttitako08_001	h o sh i w o m a w a a s e s e k a i n o m a N n a k a d e e
uttitako08_002	k u sh a m i s u r e b a d o
uttitako08_003	k o k a n o m o r i d e ch o o g a r a N b u u
uttitako08_004	k i m i g a m a m o o r u
uttitako08_005	d o a n o k a g i d e t a r a m e e
uttitako08_006	h a z u k a sh i i m o n o
uttitako08_007	g a t a r i n a m e a t e m o r a i o N w a ts u y o i
uttitako08_008	i k i n o k o r i t a i i k i n o k o r i t a i
uttitako08_009	m a d a i k i t e t a k u n a r u
uttitako08_010	s e i z a n o m i ch i b i k i d e i m a
uttitako08_011	m i ts u m e a a t a
uttitako08_012	i k i n o k o r i t a i t o h o w o n i k u r e t e
uttitako08_013	k i r a r i k a r e t e y u u k u
uttitako08_014	h o N k i n o k a r a d a m i s e ts u k e r u m a d e
uttitako08_015	w a t a sh i n e m u r a n a i
uttitako09_001	i m a d a n i a n a t a n o k o t o w o y u m e n i m i r u
uttitako09_002	w a s u r e t a m o n o w o t o r i n i k a e r u y o n i
uttitako09_003	f u r u b i t a o m o i d e n o h o k o r i w o o h a r a u
uttitako09_004	m o d o r a n a i sh i a w a s e g a a r u k o t o w o
uttitako09_005	s a i g o n i a n a t a g a o sh i e t e k u r e t a
uttitako09_006	i e z u n i k a k u sh i t e t a k u r a i k a k o m o
uttitako09_007	a n a t a g a i n a ky a e i e N n i k u r a i i m a m a
uttitako09_008	k i cl t o m o k o r e i i j o k i z u ts u k u k o t o n a d o
uttitako09_009	a r i w a sh i n a i i t o w a k a t e i r u
uttitako09_010	a n o h i n o k a n a sh i m i s a e
uttitako09_011	a n o h i n o k u r u sh i m i s a e
uttitako09_012	s o n o s u b e t e w o
uttitako09_013	a i sh i t e t a a n a t a t o t o m o n i
uttitako09_014	m u n e n i n o k o r i
uttitako09_015	h a n a r e n a i n i g a i r e m o N n o n i w o i
uttitako09_016	a m e g a f u r i y a m u m a d e w a
uttitako09_017	k a e r e n a i
uttitako09_018	i m a d e m o a n a t a w a w a t a sh i n o h i k a r i
uttitako10_001	g o m e N n e s u n a o j a n a k u t e
uttitako10_002	y u m e n o n a k a n a r a i e r u
uttitako10_003	sh i k o o k a i r o w a sh o o t o s u N z e N
uttitako10_004	i m a s u g u a i t a i y o o
uttitako10_005	n a k i t a k u n a r u y o n a m u N r a i
uttitako10_006	d e N w a m o d e k i n a i m i n a i
uttitako10_007	d a a t e j u N j o w o d o w o sh i y o o w o
uttitako10_008	h a a t o w a m a N g e ky o w o
uttitako10_009	ts u k i n o h i i k a r i n i m i ch i b i k a r e e
uttitako10_010	n a N d o m o o
uttitako10_011	m e g u r i a u
uttitako10_012	s e i z a n o m a t a t a k i k a z o w e
uttitako10_013	u r a n a u k o i n o y u k u w e
uttitako10_014	o n a j i k u n i n i u m a r e t a a n o
uttitako10_015	m i r a k u r u r o m a N s u
uttitako11_001	n e e
uttitako11_002	n e e
uttitako11_003	n e e
uttitako11_004	n e e
uttitako11_005	ky o o w a d o k o n i i k o o k a n a a
uttitako11_006	n e e
uttitako11_007	n e e
uttitako11_008	n e e
uttitako11_009	n e e
uttitako11_010	f u t a r i n o o m o i d e w o k a s a n e t e
uttitako11_011	m a b u sh i k u cl t e
uttitako11_012	m e g a s a m e t a h i w a
uttitako11_013	ch o w o t o d a k e k i m o ch i i
uttitako11_014	n e m u i k e d o
uttitako11_015	s e cl k a k u d a sh i
uttitako11_016	k i m i w a m o
uttitako11_017	o k i t e i r u k a n a
uttitako11_018	ky o w o n o y o t e i w o o
uttitako11_019	k a a t e n i t a t e r u n o
uttitako11_020	n e e
uttitako11_021	n e e
uttitako11_022	n e e
uttitako11_023	n e e
uttitako11_024	ky o o w a d o k o n i i k o o k a n a
uttitako11_025	n e e
uttitako11_026	n e e
uttitako11_027	n e e
uttitako11_028	n e e
uttitako11_029	f u t a r i n o o m o i d e w o k a s a n e t e
uttitako11_030	n e e
uttitako11_031	n e e
uttitako11_032	n e e
uttitako11_033	n e e
uttitako11_034	a s u w a d o k o n i i k o o k a n a
uttitako11_035	k i m i t o i r u
uttitako11_036	t o
uttitako11_037	y u
uttitako11_038	k i s a
uttitako11_039	k i w a
uttitako11_040	d o k o m o
uttitako11_041	t o
uttitako11_042	k u b e ts u n i k a w a r u n o
uttitako12_001	t a N j u N n a k o t o b a k a s a n e t e y u k u
uttitako12_002	m o cl t o
uttitako12_003	k o k o r o w a s u n a o d e
uttitako12_004	n a N d e m o n a i y o n a s o n o e g a o g a
uttitako12_005	a s u w o t e r a s u h i k a r i n i
uttitako12_006	z u cl t o k i z u i t e i t a N d a cl t e
uttitako12_007	k o n o t e n i k a k a e t e i t a N d a cl t e
uttitako12_008	h a j i k e t a
uttitako12_009	k o e n i
uttitako12_010	n a g a sh i t a k o t a e g a i m a
uttitako12_011	s o cl t o
uttitako12_012	k i cl t o
uttitako12_013	n e g a i k o m e t a
uttitako12_014	z u cl t o m a w a r u m a w a r u y u m e n o n a k a d e
uttitako12_015	k u r i k a e sh i k i m i t o o d o w o t a
uttitako12_016	y u r e r u k e sh i k i
uttitako12_017	m i ch i w a ts u z u k u
uttitako12_018	t o w o r i s u g i r u k a z e n i f u k a r e
uttitako12_019	n a N d o m o k o e t e y u k e r u k a r a ky o k a i s e N
uttitako12_020	k u m o k a k i w a k e t e w o n o b a sh i t a
uttitako12_021	n a m i d a w a i m a
uttitako12_022	u k a b u s o r a n i a z u k e t e
uttitako12_023	h a sh i r i d a s u n o
uttitako12_024	n a r a N d e m i ts u k e t a
uttitako12_025	k a g a y a k u h i k a r i w o t e e n i
uttitako13_001	r o m a N t i cl k u
uttitako13_002	k o i n o a N t e n a w a a
uttitako13_003	a r a sh i d e
uttitako13_004	d o k o k a e t o N d e i cl t a a
uttitako13_005	u s o d e sh o o
uttitako13_006	ts u m e t a k u a sh i r a a t a a
uttitako13_007	k o sh a k u u n a e k u b o n i i
uttitako13_008	ch o cl t o
uttitako13_009	k o k o r o g a y u r e t e r u
uttitako13_010	h o N t o w a
uttitako13_011	h o N k i d e a t a sh i w o o
uttitako13_012	sh i k a cl t e
uttitako13_013	k u r e r u d a i j i n a h i t o o
uttitako13_014	n a N t e e
uttitako13_015	i i t a r a a i ts u w a a
uttitako13_016	t o k u i g e n i n a r u u
uttitako13_017	k a r a
uttitako13_018	m o w o h o m e t a r i sh i n a i
uttitako13_019	t a i
uttitako13_020	k u ts u
uttitako13_021	n a u N m e i n i a k i a k i sh i t a a n o
uttitako13_022	sh i r a
uttitako13_023	n a i
uttitako13_024	k o t o b a a d e t o k i h a n a sh i t e
uttitako13_025	n e
uttitako13_026	d a r i N d a r i N k o k o r o n o
uttitako13_027	t o b i r a w o k o w a sh i t e y o
uttitako13_028	t a i s e ts u n a k o t o w a m e w o m i t e
uttitako13_029	i cl t e
uttitako13_030	a n a t a t o n a r a b a
uttitako13_031	k o n o m a ch i w o n u k e d a s e r u
uttitako13_032	i m a s u g u ts u r e d a sh i t e m a i s u w i s u w i d a a r i N
uttitako14_001	z u cl t o i sh o n i i t a a
uttitako14_002	f u t a r i d e a r u i t a a i cl p o N m i ch i
uttitako14_003	f u t a ts u n i i w a k a r e t e e e
uttitako14_004	b e ts u b e ts u n o h o o a r u i t e k u
uttitako14_005	s a b i sh i s a d e a f u r e t a k o n o m u n e k a k a e t e
uttitako14_006	i m a n i m o n a k i d a sh i s o n a s o r a m i a g e t e
uttitako14_007	a n a t a w o m o w o o t a
uttitako14_008	a
uttitako14_009	a
uttitako14_010	a a N a k i m i g a i n a i y o r u d a cl t e
uttitako14_011	s o n o m o a k u r a i
uttitako14_012	m o o n a k a n a i y o
uttitako14_013	g a N b a cl t e i r u k a r a n e cl t e
uttitako14_014	ts u y o k u n a r u k a r a n e cl t e
uttitako14_015	w o o o
uttitako14_016	k i m i m o m i t e e i r u d a r o
uttitako14_017	k o n o k i e
uttitako14_018	s o n a m i k a z u k i
uttitako14_019	ts u n a g a cl t e i r u k a r a n e cl t e
uttitako14_020	a i sh i t e r u k a r a n e cl t e
uttitako14_021	w o w o o
uttitako15_001	k o t a e w a i ts u m o w a t a sh i n o m u n e n i
uttitako15_002	n a N d e d a r o
uttitako15_003	a n a t a w o e r a N d a w a t a sh i d e s u u
uttitako15_004	m o t o m a r a n a i
uttitako15_005	u N m e i s a m a k a r a k i m e r a r e t a k e d o a i b i r i i b u
uttitako15_006	m a n e d a k e j a ts u m a r a n a i n o y u b i r a a i
uttitako15_007	k a N j i r u m a m a k a N j i r u k o t o d a k e w o
uttitako15_008	s u r u y o o
uttitako15_009	b o o k e N d e sh o d e sh o h o N t o g a u s o n i
uttitako15_010	k a w a r u s e k a i d e
uttitako15_011	y u m e g a a r u k a r a ts u y o k u n a r u n o y o
uttitako15_012	d a r e n o t a m e j a n a i
uttitako15_013	i sh o o n i k i t e k u d a s a i
uttitako15_014	d o k o m a d e m o j i y u u n a
uttitako15_015	w a t a sh i w o m i t e y o n e
uttitako15_016	a sh i t a k a k o n i n a a t a ky o w o n o i m a g a k i s e k i
uttitako15_017	a i b i r i y u
uttitako16_001	k i y o r a k a n a r u
uttitako16_002	ch i sh i o g a s a w a g u
uttitako16_003	ts u y o s a n o m u k o
uttitako16_004	s a r a n a r u ch i k a a r a
uttitako16_005	w a t a sh i n o k o w e
uttitako16_006	k i k o w e t e r u n a r a
uttitako16_007	ch i g i r i w o i m a k o s o k a w a sh i t a i
uttitako16_008	w a g a n a n o m o t o n i
uttitako16_009	s a a k o k u i N w o
uttitako16_010	m a i a g a r i
uttitako16_011	ts u z u k e r u t a m e n i
uttitako16_012	z e cl t a i
uttitako16_013	f u k a k e ts u n a n o y o
uttitako16_014	h a N z a p u
uttitako16_015	m i n a g i r u ch i k a r a
uttitako16_016	h a N z a p u
uttitako16_017	k o n o t e n o n a k a n i
uttitako16_018	h a N z a p u
uttitako16_019	d a r e d e a r o o t o
uttitako16_020	h i k i
uttitako16_021	h a n a s e w a sh i n a i y u e N m i
uttitako16_022	a n a t a t o k u m e b a gy a cl ky o n i
uttitako16_023	t a ch i m u k a e r u w a
uttitako16_024	sh i r u sh i n o i z a n a u m a m a
uttitako16_025	ts u r u g i n o y o o n i o d o r i ts u z u k e t a i
uttitako17_001	a r u a s a t o
uttitako17_002	ts u z e N k i z u i t a n o
uttitako17_003	a n a t a g a a n a t a g a k i n i n a r u n o
uttitako17_004	d o k i d o k i s o w a s o w a o k a sh i i n a
uttitako17_005	ch i k a k u n i i r u d a k e d e
uttitako17_006	t a o r e s o w o
uttitako17_007	n a n o n i a n a t a w a
uttitako17_008	e N ry o m o s e z u n i
uttitako17_009	k o k o r o n o n a k a n i h a i i cl t e k u r u
uttitako17_010	s o N n a n i k o sh i k o sh i sh i ch a d a m e y o
uttitako17_011	h a a t o n o n i o i g a ts u i ch a u w a
uttitako17_012	h o N t o w a y o sh i y o sh i sh i t e h o sh i i
uttitako17_013	n e e
uttitako17_014	k o r e g a k o i n a n o k a n a
uttitako17_015	s o N n a k o t o u r a n o u r a u r a b a n a sh i
uttitako17_016	d e sh o
uttitako17_017	s o N n a k o t o u r a n o m a t a u r a b a n a sh i
uttitako17_018	k a m o n e
uttitako18_001	m o sh i k i m i n i
uttitako18_002	h i t o ts u d a k e
uttitako18_003	n e g a i g a k a n a u u t o sh i t a r a
uttitako18_004	i m a k i m i w a a
uttitako18_005	n a n i w o n e g a u n o
uttitako18_006	s o cl t o k i k a s e t e e
uttitako18_007	m o sh i k i m i g a a
uttitako18_008	k o n o k o i w o o
uttitako18_009	e i e N t o y o b e e n a k u t e m o
uttitako18_010	i m a d a k e w a a
uttitako18_011	u s o w o ts u i t e
uttitako18_012	a w a i k o t o o b a d e e
uttitako18_013	sh i N j i s a s e t e m i t e e
uttitako18_014	a i n o u t a a
uttitako18_015	h i b i k i w a t a r e b a a
uttitako18_016	h a i i r o n o
uttitako18_017	y o z o o r a n i
uttitako18_018	h i k a r i g a s a s u u y o h i t o ts u z u ts u u
uttitako18_019	h i k a r i w o ts u n a i d e e
uttitako18_020	t o w o o k u n o
uttitako18_021	k i m i n o m o t o e t o
uttitako18_022	t o d o k e y o w o o
uttitako19_001	s o r a w o
uttitako19_002	o sh i a g e t e e
uttitako19_003	t e w o n o b a s u u k i m i g o g a ts u n o
uttitako19_004	k o t o
uttitako19_005	d o o k a
uttitako19_006	k i t e h o sh i i i
uttitako19_007	m i z u g i w a m a a d e k i t e h o sh i i i
uttitako19_008	ts u b o m i w o o
uttitako19_009	a g e y o w o
uttitako19_010	n i w a n o h a
uttitako19_011	n a m i z u k i
uttitako19_012	u s u b e n i i i r o n o o
uttitako19_013	k a w a i i k i m i i n o n e e
uttitako19_014	h a t e n a i y u m e g a a ch a N t o
uttitako19_015	o
uttitako19_016	w a r i m a s u u y o n i
uttitako19_017	k i m i t o s u k i n a h i t o g a
uttitako19_018	hy a k u n e N ts u z u k i i m a s u y o n i
uttitako20_001	i t o n a m i n o
uttitako20_002	m a ch i g a k u r e t a r a
uttitako20_003	i r o m e k i i
uttitako20_004	k a z e t a ch i w a h a k o b u w a
uttitako20_005	k a r a s u t o h i t o b i t o n o m u r e
uttitako20_006	i m i n a N k a
uttitako20_007	n a i s a k u r a sh i g a
uttitako20_008	a r u d a k e e
uttitako20_009	t a d a h a r a w o s u k a s e t e
uttitako20_010	k i m i n o m o t o e k a e r u N d a
uttitako20_011	m o n o g o k o r o ts u i t a r a f u t o
uttitako20_012	m i a g e t e o m o u k o t o g a
uttitako20_013	k o n o y o n i i r u d a r e m o f u t a r i k a r a
uttitako20_014	m u n e n o n a k a n i a r u m o n o
uttitako20_015	i ts u k a m i e n a k u n a r u m o n o s o r e w a s o b a n i i r u k o t o
uttitako20_016	i ts u m o o m o i d a sh i t e
uttitako20_017	k i m i n o n a k a n i a r u m o n o
uttitako20_018	ky o r i n o n a k a n i a r u k o d o w o k o i o sh i t a n o a n a t a n o
uttitako20_019	y u b i n o m a z a r i
uttitako20_020	h o h o n o k a o r i
uttitako20_021	f u u f u o k o e t e y u k e
uttitako21_001	m a cl t e m a sh i t a k o n o h i k o n o t o k i k o n o sh u N k a N w o a a s e N r a N s e N r a N t a i k u ts u n a h i b i t a i k u ts u s u g i ch a u s o r o s o r o a b a r e d o k i d a n e
uttitako21_002	m i n i m a t o u y o r o i h i r u g a e sh i
uttitako21_003	k a cl k o i y o n e sh i b i r e r u n e
uttitako21_004	k o r e g a w a t a sh i n o
uttitako21_005	i k u s a i sh o o y o i k o w o o m i sh i r i o k i o p u r i z u
uttitako21_006	k a k i a ts u m e r a r e sh i m o s a g a d o y o m e k u a r a sh i n o m a e n o sh i z u k e s a m o n a k u k o n o s e N g o k u j i d a i o o k a sh i ts u k u s o y o
uttitako21_007	k a k e d a s e k a k e d a s e
uttitako21_008	a i d o t e N k a d o o w e e
uttitako21_009	hy a w i g o u t a a t e o d o w o t e m a k i o k o s u s e N s e sh o N
uttitako21_010	a s a g a k e s a k i g a k e
uttitako21_011	a i d o t e N k a d o o w e e o o g o N n i k a g a y a k o n o m i ch i w o i ch i b a N n i k a k e a g a a cl t e
uttitako21_012	ch o o j o o n i h a t a w o t a t e t e s a
uttitako21_013	k o r e z o r e k i sh i g a u g o k u sh u N k a N d a
uttitako21_014	y e i
uttitako22_001	f u
uttitako22_002	f u w a w a f u
uttitako22_003	f u
uttitako22_004	f u t o r o t o r o f u
uttitako22_005	f u w a w a y u m e m i N t a i
uttitako22_006	f u f u f u w a w a f u f u
uttitako22_007	f u p i k a p i k a i k u
uttitako22_008	z e o h i s a m a y a
uttitako22_009	t a r i n a i
uttitako22_010	k e k e N g a t a r i n a i n o
uttitako22_011	t o r a N k u n i y u m e
uttitako22_012	ts u m e t e
uttitako22_013	g a r a g a r a t e o ts u n a i d e
uttitako22_014	ch o w o ky o r i f u r a i m a cl t e o t o k o n a ts u
uttitako22_015	s u t e r u k o k o n a ts u
uttitako22_016	t a i k a N sh i ch a cl t e r u n o s u i h e i s e N g a h o r a
uttitako22_017	i ts u m o y o r i m o d a i t a N n i s o b a n i k i t e
uttitako22_018	i r u k a g a
uttitako22_019	w a t a sh i n o k o t o s a r a u m a e n i
uttitako22_020	n a z e n i u w a ts u i t e i r u n o w a t a sh i t a ch i m a cl k a d a n e a ch i ch i ch i
uttitako22_021	n a m i t o
uttitako22_022	o i k a k e cl k o
uttitako22_023	n a z e d a r o m u n e g a ky u N t e k u r u sh i k u n a r u s a N s e
uttitako22_024	n u g i s u t e t e
uttitako22_025	t o r o p i k a r u n a
uttitako22_026	k o i n o b a k a N s u s a i ch u ch u
uttitako23_001	n e
uttitako23_002	o m o i d e n o k a k e r a n i
uttitako23_003	n a m a e w o ts u k e t e h o z o N
uttitako23_004	s u r u n a r a
uttitako23_005	t a k a r a m o n o g a p i cl t a r i d a n e
uttitako23_006	s o
uttitako23_007	k o k o r o n o y o w o ry o w o g a
uttitako23_008	i cl p a i n i n a r u k u r a i n i
uttitako23_009	s u g o sh i t a n e
uttitako23_010	t o k i m e k i i r o n o m a i n i ch i
uttitako23_011	n a j i N d a s e f u k u t o u w a b a k i
uttitako23_012	h o w a i t o b o d o n o r a k u g a k i
uttitako23_013	a sh i t a n o
uttitako23_014	i r i g u ch i n i
uttitako23_015	o i t e k a n a k u ch a i k e n a i n o k a n a d e m o n e
uttitako23_016	a e t a y o
uttitako23_017	s u t e k i n a
uttitako23_018	t e N sh i n i
uttitako23_019	s o ts u gy o o w a
uttitako23_020	o w a r i j a n a i
uttitako23_021	k o r e
uttitako23_022	k a r a m o
uttitako23_023	n a k a m a d a k a r a i sh o n o
uttitako23_024	sh a sh i N t a ch i
uttitako23_025	o s o r o n o
uttitako23_026	k i h o r u d a
uttitako23_027	i ts u m a d e m o
uttitako23_028	k a g a y a i t e r u
uttitako23_029	z u cl t o
uttitako23_030	s o n o e g a w o a r i g a t o w o
uttitako24_001	ts u y o k u i s a m a sh i k u cl t e
uttitako24_002	a ts u i o m o i g a n e N sh o ch u
uttitako24_003	k i e t a r i sh i n a i w a
uttitako24_004	sh i N j i t a m a m a y u k u cl t e
uttitako24_005	k a k u g o k a t a m e t a k o r i n o y a
uttitako24_006	sh i r u sh i n i f u j i t a n o
uttitako24_007	j u N b i w a i i y o r o sh i k u t e y o
uttitako24_008	m u k a u t o k o r o
uttitako24_009	t e k i d a r a k e
uttitako24_010	a m a e t a r a s o r e m a d e y o
uttitako24_011	s o r a y o r i m o t a k a k u
uttitako24_012	s o r a y o r i m o t a k a k u
uttitako24_013	d o k o m a d e m o k a k e n o b o o t e i k u n o
uttitako24_014	k o k o r o w a k e d a k a k u
uttitako24_015	k o k o r o w a k e d a k a k u
uttitako24_016	s o m a s a k i d e k a N j i t e i k u n o
uttitako24_017	a n o h i e g a i t a m i r a i w o
uttitako24_018	w a t a sh i t a ch i n o r i s o o r o N w o j i ts u g e N
uttitako24_019	o d o r u y a i b a t a ch i n o s a i d a N e
uttitako25_001	N
uttitako25_002	s a g a sh i t e m a s u y o
uttitako25_003	m o k u g e k i sh o w o g e N
uttitako25_004	a sh i o t o w a d o k o d e s u k a
uttitako25_005	h a i
uttitako25_006	k i n o o n o a s a w a
uttitako25_007	k o n e k o t o h a sh i r u
uttitako25_008	k a k e a sh i r i z u m u k i t a b a k a r i d e s u
uttitako25_009	sh i a w a s e w o
uttitako25_010	ts u k a m a e n i y u k o w o
uttitako25_011	i ts u d a a t e
uttitako25_012	ch o cl k a N g o
uttitako25_013	g o
uttitako25_014	p a w a f u r u
uttitako25_015	a k i r a m e r u
uttitako25_016	k u j i k e z u n i y u k o w o
uttitako25_017	w a t a sh i g a
uttitako25_018	t o b i r a w o a k e t e
uttitako25_019	m i ts u k e t e a g e t a i
uttitako25_020	o h a y o o h a y o
uttitako25_021	s o k o n i i r u n o m a b u sh i m a b u sh i
uttitako25_022	y u m e g a a r u n o
uttitako25_023	b o k e N g a
uttitako25_024	ch o s e N w o
uttitako25_025	ts u r e t e k i t a
uttitako25_026	n a z o g a n a z o w o
uttitako25_027	y o N d e i r u y o u m a r e t a t e n o
uttitako25_028	y u m e g a a r u y o
uttitako25_029	w a s u r e n a i d e s e k a i w a
uttitako25_030	m a d a
uttitako25_031	m a d a
uttitako25_032	i cl p a i a r u d e sh o w o
uttitako25_033	t o k i a k a s e
uttitako25_034	m o cl t o m o cl t o
uttitako26_001	w a r e w a r e
uttitako26_002	y o r e y o r e
uttitako26_003	s e k a i w a d a k u
uttitako26_004	k o k o r o n u r u n u r u i gy o o n o k a m i g a m i
uttitako26_005	k a t a ch i m u r u m u r u i ky o o t o n i g e r e b a
uttitako26_006	t a n o sh i i n e y a k e r u z o t o k e r u z o
uttitako26_007	m u k u r o h i y a h i y a s o r e d e m o s u k i d e s u
uttitako26_008	s u g a t a p a y a p a y a s o r e d e w a i k i m a sh o
uttitako26_009	k a g a m i n i w a
uttitako26_010	u ts u r a n a i
uttitako26_011	y o k u b o o w a k o t o b a n i sh i n a k u ch a
uttitako26_012	h o r a
uttitako26_013	k i e ch a u d e sh o
uttitako26_014	t a i y o n a N k a
uttitako26_015	m a b u sh i k u cl t e
uttitako26_016	y a m i n o h o g a m u g e N d e s u
uttitako26_017	t a i y o b a cl k a
uttitako26_018	m a b u sh i k u cl t e
uttitako26_019	y a m i n o h o g a s u t e k i
uttitako26_020	k e o s u k e o s u
uttitako26_021	a i w a n a k e o s u
uttitako26_022	m o e y o k o N t o N m u t e k i d e s u
uttitako26_023	k e o s u k e o s u
uttitako26_024	u n a s e r a k e o s u
uttitako26_025	m o e r u y o n a k i m o ch i
uttitako26_026	w a r e w a r e
uttitako26_027	y a r e y a r e
uttitako26_028	s e k a i w a d a k u
uttitako27_001	s i m e N g a
uttitako27_002	y u r a g u
uttitako27_003	k a z e n o w a g a h i r o g a r u
uttitako27_004	f u r e a a t a y u b i s a k i n o
uttitako27_005	a o i d e N ry u
uttitako27_006	m i ts u m e a u
uttitako27_007	d a k e d e
uttitako27_008	k o d o k u n a k a s o k u d o g a
uttitako27_009	i i sh u N n i k u d a k e ch i r u
uttitako27_010	a n a t a g a s u k i y o
uttitako27_011	t o o m e i n a sh i N j u n o y o w o n i
uttitako27_012	ch u u n i u k u n a m i d a
uttitako27_013	h i g e
uttitako27_014	k i d a a a t e k a m a w a n a i a n a t a t o i k i t a i i
uttitako27_015	ry u u s e i n i m a t a g a a t e
uttitako27_016	a n a t a n i ky u u k o w o k a a a
uttitako27_017	n o o k o N n o h o sh i z o r a n i
uttitako27_018	w a t a sh i t a ch i h a n a b i m i t a i
uttitako27_019	k o k o r o g a h i k a r i n o
uttitako27_020	y a o h a n a ts u
uttitako28_001	h a r u i r o n o k i sh a n i n o w o t e
uttitako28_002	u m i n i
uttitako28_003	ts u r e t e i i t e y o
uttitako28_004	t a b a k o n o n i w o i n o sh a
uttitako28_005	ts u n i
uttitako28_006	s o w o t o
uttitako28_007	y o r i s o u k a r a
uttitako28_008	n a z e sh i r i a cl t a h i k a r a
uttitako28_009	h a N t o sh i s u g i t e m o
uttitako28_010	a n a t a cl t e
uttitako28_011	t e m o n i g i r a n a i i
uttitako28_012	a i w i r u f o r o y u
uttitako28_013	a n a t a n i
uttitako28_014	ts u i t e y u k i t a i a i w i r u f o r o y u
uttitako28_015	ch o o cl p i r i
uttitako28_016	k i g a y o w a i k e d o s u t e k i n a
uttitako28_017	h i t o d a k a r a
uttitako28_018	k o k o r o n o k i sh i b e n i s a i t a
uttitako28_019	a k a i s u i i t o p i i
uttitako29_001	k i m i w a sh i N d e r e r a g a u m a p e sh a s u w a N
uttitako29_002	y u a d i o o r i f u r a w a r i N h i r o w i N
uttitako29_003	d o N n a t o k i m o
uttitako29_004	z u cl t o s o b a d e
uttitako29_005	m a b u sh i i s o n o e g a w o m i s e t e
uttitako29_006	y a g a t e sh i N d e r e r a g a u m a h o w o g a
uttitako29_007	t o k e r u h i i g a k i
uttitako29_008	t a a t e e i ts u n i n a cl t e m o
uttitako29_009	i k u ts u n i n a cl t e m o
uttitako29_010	b o k u w a
uttitako29_011	k i m i w o m a m o r i ts u z u k e r u
uttitako29_012	a i w a n a b i y a s a N sh a a i
uttitako29_013	b i k o z u y a s u m a i h a z u z a m a j i
uttitako29_014	o w e z u b i y a s a N sh a a
uttitako29_015	o w e z u m e k u s u m i h a cl p i
uttitako29_016	j u u i ch i j i m a j i k a n o
uttitako29_017	n i g i w a u m a ch i n a m i n i
uttitako29_018	m a d a s a y o n a r a y u u n i w a
uttitako29_019	z e N z e N h a y a s u g i r u n o n i
uttitako29_020	w a r i t o m o N g e N k i b i sh i i t e s o N n a n o ch a N t o w a k a t e r u cl t e d a k e d o y a cl p a i z a t o n a r u t o k a e sh i t a k u n a i
uttitako29_021	ts u g i n i a e r u y a k u s o k u m o s o k o s o k o n i k a k e d a s u h i t o n a g a i k a i d a N k a k e a g a cl t e h i t o n a m i n i k i e r u
uttitako29_022	k i m i w a sh i N d e r e r a g a u m a p e sh a s u w a N
uttitako29_023	y u a d i o o r i f u r a w a r i N h i r o w i N
uttitako29_024	i ts u n i n a cl t e m o
uttitako29_025	i ts u n i n a cl t e m o
uttitako29_026	t o n a r i d e s o n o e g a w o m i s e t e
uttitako29_027	y a g a t e sh i N d e r e r a g a u m a h o w o g a
uttitako29_028	t o k e r u h i i g a k i
uttitako29_029	t a a cl t e e i ts u n i n a cl t e m o
uttitako29_030	i k u ts u n i n a cl t e m o
uttitako29_031	b o k u w a k i m i w o m a m o r i ts u z u k e r u
uttitako29_032	a i w a n a b i y a s a N sh a a i
uttitako29_033	b i k o z u y a s u m a i h a z u z a m a j i
uttitako29_034	o w e z u b i y a s a N sh a a i
uttitako29_035	o w e z u m e k u s u m i h a cl p i
uttitako30_001	w o o w o w o o y e i y e i y e w o o w o w o o y e i y e i y e e w o o w o w o o
uttitako30_002	k a g a y a i t a n o w a k a g a m i d e m o
uttitako30_003	t a i y o w o d e m o n a k u t e e k i
uttitako30_004	m i i d a t o
uttitako30_005	k i z u i t a t o k i k a r a a a n o n a m i d a g u m u
uttitako30_006	k u m o n o z u cl t o
uttitako30_007	u w e n i w a h o h o w e m u
uttitako30_008	ts u k i i
uttitako30_009	r a b u s u t o o r i
uttitako30_010	m a t a h i
uttitako30_011	t o ts u u
uttitako30_012	k i z u ts u i t a y u m e w a a k i n o w o n o k a n a t a e
uttitako30_013	s o o r a n i
uttitako30_014	h i i b i k e
uttitako30_015	a i n o u t a a
uttitako30_016	o m o i d e z u cl t o z u cl t o
uttitako30_017	w a s u r e n a i s o r a f u t a r i g a
uttitako30_018	h a n a r e t e i i t e m o
uttitako30_019	k o N n a s u k i n a h i t o n i
uttitako30_020	d e a u k i s e e ts u n i d o t o n a i i
uttitako30_021	h i k a cl t e m o cl t o
uttitako30_022	s a i k o o n o r e i d i i k i cl t o s o cl t o
uttitako30_023	o m o i t o d o k u sh i N j i i r u k o t o g a s u b e t e e r a b u
uttitako30_024	s o o s u w i i t o
uttitako31_001	i cl t a i d o k o k a r a d e sh o s u k i d a n a cl t e k a N j o o
uttitako31_002	m e n o m a e n i a r u d a k e d e w a k i a g a cl ch a u n a n i k a n i i
uttitako31_003	z e N sh i N
uttitako31_004	a ts u i n o w a N d a h o
uttitako31_005	j o sh i k i w a i m a
uttitako31_006	h i cl k u r i k a e r u
uttitako31_007	k o N n a g o j i s e i d a k a r a
uttitako31_008	n i h o N n o a sh i d e
uttitako31_009	k o k o r o n o sh i N d e
uttitako31_010	k i m i n o
uttitako31_011	i n o
uttitako31_012	ch i w o k a k e n u k e t e e
uttitako31_013	b o k u r a k o s o g a
uttitako31_014	f a n a t i k u
uttitako31_015	d a r e d e m o n a i
uttitako31_016	s o n o s u k i w o
uttitako31_017	m e i cl p a i
uttitako31_018	a k i r a m e n a i d e
uttitako31_019	a r i n o m a m a n o
uttitako31_020	k i m i w a
uttitako31_021	k a g a y a i t e r u y o
uttitako31_022	k a t a cl t e y o
uttitako31_023	s o n o n e ts u o b o k u n i m o o
uttitako31_024	k a N j i s a s e
uttitako31_025	t e
uttitako32_001	h o sh u w a ny u sh a g o
uttitako32_002	h e k o s e N d e e
uttitako32_003	t o ky o w a a i s e d o
uttitako32_004	n a n i m o n a a i
uttitako32_005	r i cl k e N sh i cl k u s u t u w o ch o d a i
uttitako32_006	j u ky u m a N m o
uttitako32_007	m o cl t e i n a o ch a n o m i z u
uttitako32_008	m a sh a r u n o n i o i d e t o N j a cl t e t a i h e N s a
uttitako32_009	m a i b a N z e cl ch o n i
uttitako32_010	t a sh i t e i r u d a k e e
uttitako32_011	e
uttitako32_012	r a cl t o h i t o ts u o sh o b a i d o g u n i sh i t e r u s a
uttitako32_013	s o sh i t a r a b e N j i g a
uttitako32_014	h a i n i u ts u cl t e t o r i cl p u u
uttitako33_001	w a N ts u s i f o
uttitako33_002	p u r i ky u a
uttitako33_003	p u r i t i i ky u cl ky u cl ky u ky u a
uttitako33_004	e b i b a d i y e s u f a i t o
uttitako33_005	d o k i d o k i p a cl t o w a r a a t e s u m a i r u g o g o
uttitako33_006	o k i k u n a cl t a r a n a n i n i n a r i t a i
uttitako33_007	ry o t e n i i cl p a i z e N b u y a r i t a i
uttitako33_008	m o N d a i g a
uttitako33_009	t o k e n a i n a m i d a w a
uttitako33_010	k o k o r o n o
uttitako33_011	k e sh i g o m u d e k e sh i ch a o
uttitako33_012	m e t a m o r u f o o o o z e
uttitako33_013	y u m e m i r u t a m e u m a r e t a a
uttitako33_014	t o b e r u y o g a N b a r u o N n a n o o k o
uttitako33_015	k a ch i m a k e d a k e j a n a i m i r a i y e
uttitako33_016	a s u w o n u r i k a e t e k u
uttitako33_017	p i N ch i k a r a
uttitako33_018	ch a
uttitako33_019	N s u w e
uttitako33_020	t a f u n i h e N sh i N
uttitako33_021	p u r i t i i ky u cl ky u cl ky u ky u w a w a N ts u s i f o f a i p i
uttitako33_022	i s u
uttitako33_023	n a
uttitako33_024	k a m a g a y a cl t e k i t e h a r o
uttitako33_025	t a s u k a a t a y o
uttitako33_026	w a N ts u s i f o
uttitako33_027	p u r i ky u a
uttitako34_001	a i w o N ch u
uttitako34_002	a i n i j u
uttitako34_003	a i r a by u
uttitako34_004	a t a m a n o n a k a
uttitako34_005	g a N g a N n a a t e r u my u u j i i cl k u
uttitako34_006	h e b i i r o o t e e sh o N
uttitako34_007	p o o p u k o N g a
uttitako34_008	h a j i k e r u y o n i
uttitako34_009	s u k i t o y u u m o j i g a
uttitako34_010	o d o r u
uttitako34_011	k a o y a k o e w o
uttitako34_012	o m o u d a k e d e
uttitako34_013	i t e m o t a a cl t e m o
uttitako34_014	i r a r e n a i
uttitako34_015	k o N n a k i m o ch i n i n a r e r u u cl t e
uttitako34_016	b o k u w a
uttitako34_017	ts u i t e i r u n e
uttitako34_018	a i w o N ch u
uttitako34_019	a i n i j u
uttitako34_020	a i r a by u
uttitako34_021	k i m i n i
uttitako34_022	a
uttitako34_023	e e t e
uttitako34_024	d o N d o N ch i k a z u k u s o n o ky o r i n i
uttitako34_025	m a a cl k u s u h a i t e N sh o N
uttitako34_026	a i w o N ch u
uttitako34_027	a i n i j u
uttitako34_028	a i r a by u
uttitako34_029	h a a t o n o
uttitako34_030	o o k u
uttitako34_031	j a N j a N
uttitako34_032	a f u r e r u i t o sh i s a w a
uttitako34_033	h e b i i r o o t e e sh o N
uttitako35_001	k i m i o m i t e r u t o i ts u m o h a t o d o k i d o k i
uttitako35_002	y u r e r u o m o i w a m a sh u m a r o m i t a i n i f u w a f u w a
uttitako35_003	i ts u m o g a N b a r u
uttitako35_004	k i m i n o y o k o g a w o
uttitako35_005	z u u t o m i t e t e m o
uttitako35_006	k i z u k a n a i y o n e
uttitako35_007	y u m e n o n a k a n a r a
uttitako35_008	f u t a r i n o ky o
uttitako35_009	r i
uttitako35_010	ch i j i m e r a r e r u n o n i n a
uttitako35_011	a a k a m i s a m a o n e g a i
uttitako35_012	f u t a r i d a k e e n o
uttitako35_013	d o r i i m u t a i m u k u d a s a i
uttitako35_014	o k i n i i r i n o u s a ch a N d a i t e e
uttitako35_015	k o N y a m o
uttitako35_016	o y a s u m i
uttitako35_017	f a f a t a a i
uttitako35_018	f a f a t a a i
uttitako35_019	f a f a t a a i
uttitako36_001	sh i a w a s e w o k a k a g e t e
uttitako36_002	d o k i d o k i t a n o sh i N j a w o
uttitako36_003	k e i k e N ch i
uttitako36_004	j o w o sh o w o m i t e t e n e
uttitako36_005	y u b i s a sh i k a k u n i N d e
uttitako36_006	t o b i k o N d a g e ts u y o w o
uttitako36_007	m a i b e s u k i d o w o t e
uttitako36_008	sh u N k a sh u N t o w o j o
uttitako36_009	t o k i m e k i n o r e sh i p i w a
uttitako36_010	h i d e N n o i sh u N n i a r u
uttitako36_011	m i n a m i k a z e k u r u k u r u
uttitako36_012	s u k a t o d e
uttitako36_013	b a r u h i k o o r e ts u g o
uttitako36_014	sh i a w a s e w o u t a e b a
uttitako36_015	k i i t o p a w a n i n a r u y o
uttitako36_016	n i ch i j o w o n o n a k a n i
uttitako36_017	k i r a k i r a g a a r u
uttitako36_018	ts u m a N n a i k o t o d a cl t e
uttitako36_019	k a r o y a k a s u t e cl p u d e a i s a ts u h e r o
uttitako36_020	h a cl p i y u n i z o N
uttitako36_021	s o r a w o k a k e t e k u
uttitako37_001	p u r i
uttitako37_002	ky u w a
uttitako37_003	p u r i
uttitako37_004	ky u w a
uttitako37_005	p u r i ky u a
uttitako37_006	p u r i ky u a
uttitako37_007	p u r i ky u w a
uttitako37_008	p u r i ky u w a
uttitako37_009	p u r i t i d e
uttitako37_010	ky u a ky u a
uttitako37_011	f u t a r i w a
uttitako37_012	p u r i ky u a
uttitako37_013	i ch i n a N s a cl t e m a t a i ch i n a N b u cl ch a k e a r i e n a i
uttitako37_014	s e f u k u k i t e t e m o f u t a r i w a m u ch a k u ch a t a f u d a sh i
uttitako37_015	o t a g a i p i N ch i w o n o r i k o e r u t a b i
uttitako37_016	ts u y o k u
uttitako37_017	ch i k a k u
uttitako37_018	n a r u n e
uttitako37_019	y a b e s u m a i b e s u i k i t e r u N d a k a r a sh i cl p a i n a N t e
uttitako37_020	m e cl j a n a i
uttitako37_021	w a r a u k a d o n i f u k u k i t a r u d e sh o n e g a t i b u d a cl t e
uttitako37_022	b u cl t o b u
uttitako37_023	i n o ch i n o h a n a
uttitako37_024	s a k a s e t e o m o i cl k i r i
uttitako37_025	m o cl t o b a r i b a r i
uttitako38_001	k o cl k o r o n o n a k a
uttitako38_002	i ts u m o i ts u m o
uttitako38_003	e g a i t e r u
uttitako38_004	y u m e w o n o s e t a
uttitako38_005	j i b u N d a k e n o
uttitako38_006	s e k a i ch i z u
uttitako38_007	s o r a w o t o N d e
uttitako38_008	t o k i w o k o e t e
uttitako38_009	t o w o i k u n i d e m o o
uttitako38_010	d o w a o a k e t e h o r a
uttitako38_011	i k i t a i y o i m a s u g u
uttitako38_012	o t o n a n i n a cl t a r a
uttitako38_013	w a s u r e ch a u n o k a n a
uttitako38_014	s o N n a t o k i n i w a
uttitako38_015	o m o i d a sh i t e m i y o
uttitako38_016	sh a r a r a r a r a
uttitako38_017	b o k u n o k o k o r o n i
uttitako38_018	i ts u m a d e m o
uttitako38_019	k a g a y a k u y u m e e
uttitako38_020	d o r a e m o N
uttitako38_021	s o n o p o k e cl t o d e
uttitako38_022	k a n a e s a s e t e n e
uttitako38_023	sh a r a r a r a r a
uttitako38_024	u t a w o u t a w o o
uttitako38_025	m i N n a d e s a
uttitako38_026	t e w o ts u n a i d e e
uttitako38_027	d o r a e m o N
uttitako38_028	s e k a i j u u n i y u m e w o
uttitako38_029	s o
uttitako38_030	a f u r e s a s e t e e
uttitako39_001	t o z a s a r e t a
uttitako39_002	d o a n o m u k o
uttitako39_003	k a k u r e t e r u
uttitako39_004	sh i N j i ts u n i
uttitako39_005	a i n i i k u
uttitako39_006	s o n o t a m e n i
uttitako39_007	d a r e y o r i m o
uttitako39_008	d a r e y o r i m o
uttitako39_009	ts u y o k u n a ky a
uttitako39_010	a n o h i k a r a
uttitako39_011	m o t o m e t e r u
uttitako39_012	a k a i h o n o o
uttitako39_013	y a k a r e t a k o k o r o w a
uttitako39_014	k o d o k u n i u t a r e t e
uttitako39_015	n a N d o m o
uttitako39_016	n a N d o m o
uttitako39_017	ts u y o k u
uttitako39_018	n a r e t a
uttitako39_019	ch i k a r a o w a r e n i
uttitako39_020	ch i k a r a o w a r e n i
uttitako39_021	m a d a m a d a t a r i n a i m i t a s a r e t e n a i
uttitako39_022	h o sh i g a r u k o t o w o
uttitako39_023	y a m e t e sh i m a e b a
uttitako39_024	t a n e b i s a e k i e ch a u w a
uttitako39_025	s u k o sh i d e m o i i s u k o sh i d e m o i i
uttitako39_026	i m a y o r i a ts u k u
uttitako39_027	n a r i t a i d a k e y o
uttitako39_028	sh i N j i t e r u
uttitako39_029	sh i N j i t a i
uttitako39_030	a t a sh i n o s u b e t e w o k a k e t e
uttitako39_031	m o y a s e m o y a s e sh i sh i n a r u g u r e N n o h o n o o
uttitako40_001	n a r i h i b i i t a
uttitako40_002	k e i t a i d e N w a
uttitako40_003	y a n a y o k a N g a
uttitako40_004	m u n e o y o g i r u r e i s e i n i
uttitako40_005	n a r e y o o
uttitako40_006	m i a m i g o
uttitako40_007	n a s a k e n a i z e
uttitako40_008	t a s u k e t e k u r e
uttitako40_009	r e i n o y a ts u r a n i
uttitako40_010	o w a r e t e r u N d a
uttitako40_011	m o o d a m e k a m o sh i r e n a i
uttitako40_012	m i a m i g o
uttitako40_013	f u t a r i w o s a k u y o o n i
uttitako40_014	d e N w a g a k i r e t a a s i
uttitako40_015	o r e t a ch i w a i ts u d e e m o
uttitako40_016	f u t a r i d e h i t o ts u d a a t a
uttitako40_017	j i m o t o j a m a k e sh i r a z u u
uttitako40_018	s o w o d a r o s i
uttitako40_019	o r e t a ch i w a m u k a sh i k a r a
uttitako40_020	k o n o m a ch i n i a k o g a r e t e
uttitako40_021	sh i N j i t e i k i t e k i t a a
uttitako40_022	n a z e d a a r o w o o o
uttitako40_023	o m o i
uttitako40_024	d a sh i t a k e sh i k i i w a
uttitako40_025	t a b i d a ts u h i n o k i r e i n a s o r a a
uttitako40_026	d a k i sh i i m e t e e
uttitako41_001	n i j i i r o n o k a i r o n i
uttitako41_002	m u s u u n o k o t o b a t a ch i
uttitako41_003	h a N b u N d a k e d e m o
uttitako41_004	k o k o n a r a b a
uttitako41_005	s u s u N d e y u k e r u
uttitako41_006	t o ts u z e N n o m e r o d i
uttitako41_007	m a t a k a s o k u sh i t e y u k u
uttitako41_008	k o k o r o w o ts u k a N d a
uttitako41_009	h i t o h i r a n o
uttitako41_010	k a g e m o k e sh i s a r u
uttitako41_011	m a n a z a sh i
uttitako41_012	k i r a
uttitako41_013	k i r a
uttitako41_014	a m a r i o k i k u n a i
uttitako41_015	m i ch i d e m o i i n e
uttitako41_016	s o sh i t e k a k e d a s u
uttitako41_017	t o b i k o m u
uttitako41_018	k i s e k i e
uttitako41_019	m i a g e r u t e o f u r u
uttitako41_020	h i k a r i e
uttitako41_021	t o m a r a n a i k i m o ch i w o
uttitako41_022	ts u n a i d e y u k u
uttitako41_023	r i f u r e k u t i a
uttitako41_024	y u r a m e k u ch i k a z u k u
uttitako41_025	a sh i t a e
uttitako41_026	k a n a d e r u y u m e m i r u
uttitako41_027	m i r a i e
uttitako41_028	m a a s a r a n a s o r a
uttitako41_029	d o k o m a d e m o ts u r e t e
uttitako41_030	n a m i d a n o o w a r i a i z u n i
uttitako41_031	f e d i sh e a r i y e s e r a b u r i
uttitako42_001	a n o h i m i w a t a sh i t a n a g i s a w o
uttitako42_002	i m a m o o m o i d a s u N d a
uttitako42_003	s u n a n o u e n i k i z a N d a k o t o b a
uttitako42_004	k i m i n o u sh i r o s u g a t a
uttitako42_005	y o r i k a e s u n a m i g a
uttitako42_006	a sh i m o t o w o y o g i r i n a n i k a o s a r a u
uttitako42_007	y u u n a g i n o n a k a
uttitako42_008	h i g u r e d a k e g a t o o r i s u g i t e y u k u
uttitako42_009	p a cl t o h i k a cl t e s a i t a
uttitako42_010	h a n a b i w o m i t e e t a
uttitako42_011	k i cl t o m a d a
uttitako42_012	o w a r a n a i n a ts u g a a
uttitako42_013	a i m a i n a k o k o r o w o
uttitako42_014	t o k a sh i t e ts u n a i d a
uttitako42_015	k o n o y o r u g a ts u z u i t e h o sh i k a cl t a
uttitako43_001	m a j i d e a s e cl ch a cl t e
uttitako43_002	m i ts u m e r u d a k e d e
uttitako43_003	n a n i m o d e k i n a i b e i b e b e b e i b e
uttitako43_004	s o z o sh i t e s o n o n a m a e m o y o b i s u t e b e i b e
uttitako43_005	sh i r i a u m a e n a n o n i n e d o N n a f u k u m o s u t e k i n i k o d i n e i
uttitako43_006	k a g a m i n o n a k a k i m i t o f a cl sh o N sh o
uttitako43_007	sh o
uttitako43_008	k o N d o o k o s o t o k u t o k u
uttitako43_009	w a t a sh i k a r a n a u
uttitako43_010	ch i cl k a u k e d o
uttitako43_011	ch i cl k a u d a k e d e o n o n a n a n a n a n a n a n a
uttitako43_012	k u ch i z u s a N d e m i t a s u w i r a b u s o N
uttitako43_013	n e e d o sh i t e s o r e d a k e d e n a m i d a g a d e s o w o
uttitako43_014	a i r a by u s o m a cl ch i
uttitako43_015	o t o n a b u cl t e m i t a a t e d a m e n e
uttitako43_016	k o cl k o r o n o d i s u p u r e i
uttitako43_017	i ts u m o n a i t e r u e m o j i i
uttitako43_018	s e i gy o sh i y o
uttitako43_019	t o m o u h o d o a f u r e d a s u
uttitako43_020	r a b u a f u r e t e
uttitako43_021	a N r a i t i t i
uttitako43_022	j a s u r a i t i t i
uttitako43_023	k i z u k a n a i f u r i
uttitako43_024	y a m e t e
uttitako43_025	y a m e t e
uttitako43_026	a N r a i t i t i
uttitako43_027	j a s u r a i t i t i
uttitako43_028	t e m i z a cl ch u b i m a i b e i b e
uttitako44_001	k a w a sh i t a y a k u s o k u w a s u r e n a i y o m e
uttitako44_002	w o t o j i t a sh i k a m e r u
uttitako44_003	o sh i y o s e
uttitako44_004	t a y a m i f u r i h a r a cl t e s u
uttitako44_005	s u m u y o o
uttitako44_006	i ts u n i n a a cl t a r a n a k u sh i t a m i r a i w o
uttitako44_007	w a t a sh i k o k o d e m a t a m i r u k o t o d e k i r u u n o
uttitako44_008	a f u r e d a a sh i t a f u a N n o k a g e w o
uttitako44_009	n a N d o d e m o s a i t e k o n o s e k a i a y u N d e
uttitako44_010	k o
uttitako44_011	t o m e d o n a k u
uttitako44_012	k i z a m a r e t a
uttitako44_013	t o k i w a i m a h a j i m a r i ts u g e
uttitako44_014	k a w a r a n a i
uttitako44_015	o m o i w o n o s e
uttitako44_016	t o z a s a r e t a t o b i r a a k e y o o
uttitako44_017	m e z a m e t a k o
uttitako44_018	k o r o w a h a sh i r i d a sh i t a m i
uttitako44_019	r a i w o e g a k u t a m e
uttitako44_020	m u z u k a sh i
uttitako44_021	m i ch i d e t a ch i d o m a cl t e m o
uttitako44_022	s o r a w a
uttitako44_023	k i r e i n a a
uttitako44_024	o s a d e i ts u m o m a cl t e
uttitako44_025	t e
uttitako44_026	k u r e r u d a k a r a k o w a k u n a a i
uttitako44_027	m o n a n i g a a cl t e m o o
uttitako44_028	k u j i k e e n a
uttitako45_001	w o o y e e e e i
uttitako45_002	y e e e e i
uttitako45_003	w o o o y e e e e i
uttitako45_004	y e e e e i
uttitako45_005	w o o o
uttitako45_006	m a r u d e m a h o n o y o n i
uttitako45_007	k a N t a N n i
uttitako45_008	h i r o m a cl t e k u u w a s a b a n a sh i
uttitako45_009	h e N k e N w o m a e n i
uttitako45_010	py u a m o s e g i m o a cl t a m o N j a n a i
uttitako45_011	sh i k a t a n a i
uttitako45_012	d o sh i y o m o n a i
uttitako45_013	s o i cl t e w a g a m a m a h o d a i o t o n a t a ch i
uttitako45_014	d o z o g o j i y u n i
uttitako45_015	k i r a cl t e k u r e t e b e ts u n i k a m a w a n a i
uttitako45_016	r e m i sh o
uttitako45_017	k a m i s a m a m o
uttitako45_018	h a m a r u h o d o n o
uttitako45_019	o o u s o w o w o o o o o
uttitako45_020	d a r e m o
uttitako45_021	h a r i b o t e t o
uttitako45_022	sh i r u y o sh i m o n a i k a N p e k i n a r a i e r a i
uttitako45_023	r a i e r a i
uttitako45_024	s o sh i t e s u k o sh i n o
uttitako45_025	a i d e
uttitako45_026	r e m i sh o
uttitako45_027	y o k u b a r i n o
uttitako45_028	s o n o m u k o w o
uttitako45_029	h e cl h e i w o o o o o
uttitako46_001	y u
uttitako46_002	r i y u r a r a r a r a y u r u y u r i y u r i y u r a r a r a r a y u r u y u r i y u
uttitako46_003	r i y u
uttitako46_004	r a
uttitako46_005	r a
uttitako46_006	r a
uttitako46_007	r a y u r u y u r i d a
uttitako46_008	i j i k e
uttitako46_009	N
uttitako46_010	t e N t e k o m a i n o ky o a s u
uttitako46_011	d a i b a k u h a s o N d e sh i N ch o n o b i n a i y a a d o o sh i y o
uttitako46_012	a m a i m o t a b e s u g i
uttitako46_013	t e e m a p a a k u h o i j a k a k u s e y o o t o m e d e d o o j a r o
uttitako46_014	b u k a ts u d o h o N b a N
uttitako46_015	sh i m e sh i m e m u ch i k o k u
uttitako46_016	h o N gy o w o g a k u gy o o n a n i s o r e s o N n a o z e N z e N z e N z e N z e N z e N t a b e r e n a i
uttitako46_017	s a k u r a s a k i
uttitako46_018	s a k u r a ch i r i
uttitako46_019	a sh i t a
uttitako46_020	m o
uttitako46_021	i i h i t o u t a u y o
uttitako46_022	k i m i g a s u k i
uttitako46_023	k i m i g a i i
uttitako46_024	a sh i t a
uttitako46_025	m o
uttitako46_026	i t a i t o o m o u y o
uttitako46_027	t o n a r i n i
uttitako46_028	s a i sh u sh u d a N d e i n e m u r i
uttitako47_001	z a N k o k u n a t e N sh i n o y o o n i
uttitako47_002	sh o o n e N y o sh i N w a n i n a r e
uttitako47_003	a o i
uttitako47_004	k a z e g a i m a
uttitako47_005	m u n e n o d o w a w o t a t a i t e m o
uttitako47_006	w a t a sh i d a k e w o
uttitako47_007	t a d a m i ts u m e t e
uttitako47_008	h o h o e N d e r u a n a t a
uttitako47_009	s o o t o
uttitako47_010	f u r e r u m o n o
uttitako47_011	m o t o m e r u k o t o n i m u ch u u d e
uttitako47_012	u N m e i s a e
uttitako47_013	m a d a sh i r a n a i
uttitako47_014	i t a i k e n a h i t o m i
uttitako47_015	d a k e d o i ts u k a k i z u k u d e sh o w o s o n o s e n a k a n i w a
uttitako47_016	h a r u k a m i r a i m e z a s u t a m e n o h a n e g a a r u k o t o
uttitako47_017	z a N k o k u n a t e N sh i n o t e e z e
uttitako47_018	m a d o b e k a r a y a g a t e t o b i t a ts u
uttitako47_019	h o t o b a sh i r u a ts u i p a t o s u d e
uttitako47_020	o m o i d e w o u r a g i r u n a r a
uttitako47_021	k o n o s o r a o d a i t e k a g a y a k u
uttitako47_022	sh o o n e N y o sh i N w a n i n a r e
uttitako48_001	k o ky u u w o
uttitako48_002	t o m e t e i ch i by o w o
uttitako48_003	a n a t a sh i N k e N n a m e o sh i t a k a r a
uttitako48_004	s o k o k a r a n a n i m o k i k e n a k u n a r u n o h o sh i k u z u r o N r i n e s u
uttitako48_005	k i i t o a i s u r u h i t o w o t a i s e ts u n i sh i t e sh i r a z u n i o k u by o o n a n o n e
uttitako48_006	o ch i t a a n a m i d a a m o
uttitako48_007	m i n a i f u r i
uttitako48_008	s u r e ch i g a i y a
uttitako48_009	m a w a r i m i ch i w o
uttitako48_010	a t o n a N k a i s u g i t a r a
uttitako48_011	f u t a r i w a f u r e a u n o
uttitako48_012	o n e
uttitako48_013	g a
uttitako48_014	i t a ch i
uttitako48_015	t a
uttitako48_016	ch i
uttitako48_017	k o k o n i t a ch i
uttitako48_018	a n a t a k a r a
uttitako48_019	t a ch i t e w o n o b a sh i t e
uttitako48_020	u k e t o w o cl t e y o
uttitako48_021	t a m e i k i n o h a n a d a k e t a b a n e t a b u u k e
uttitako49_001	h i t o m i n o a k a
uttitako49_002	e i e N n o r i g u r e cl t o
uttitako49_003	y a k e r u m u n e n i
uttitako49_004	k a s a n e t a h i g u r e
uttitako49_005	m o e r u s o r a w a
uttitako49_006	g a i a n o r i z u m u
uttitako49_007	k a N j o n i t a d a m i o m a k a s e n o r i z u N
uttitako49_008	k a z e n o n a k a d e s e e r e i n o r i f u r e
uttitako49_009	k i k o e t a k o e o sh i e t e y o m a i w e
uttitako49_010	i w a o u g a ts u sh i z u k u n o y o o n i
uttitako49_011	k o k o r o n o k i b a
uttitako49_012	t o g i s u m a sh i t e r u n o k i m i w o
uttitako49_013	k o n o k a r a d a
uttitako49_014	h i t o t a b i n o
uttitako49_015	y a k u s o k u
uttitako49_016	m a i o d o r e
uttitako49_017	k a n a sh i m i t o y u m e n o y a i b a
uttitako49_018	h i t o t a ch i d e
uttitako49_019	k i r i h i r a k u m i r a i
uttitako49_020	m o t o m e a i
uttitako49_021	k a s a n e a u ch i k a r a
uttitako49_022	a n o b a sh o w e
uttitako49_023	n o b o r i ts u m e r u m a d e
uttitako50_001	u r i j i m u n i n a r i b a a a r a m u j i j u ch i ch u r u e i y a e i y a
uttitako50_002	h i t o cl ts a e
uttitako50_003	s u z u n o n e g a n a ry a m i n a m o w a k i t a ts u
uttitako50_004	r o ny a k u n a N ny o g a u t a i o d o o r u
uttitako50_005	f u t a cl ts a e
uttitako50_006	n i hy a k u s a N by a k u ts u i d e g o r o cl py a k u
uttitako50_007	u N py o o n o t a k a m i k o n o my o w o g i
uttitako50_008	hy u r u r i r a hy o w o hy o w o t o t a m a sh i n o dy u e e t o n i
uttitako50_009	gy u u gy u u my a k u my a k u t o i k i w o i t a k a r a k a n i i
uttitako50_010	m u my o w o n o
uttitako50_011	y a m i y o n o n a k a d e s a e m o w a t a sh i w a m i ch i b i k e r u w a
uttitako50_012	k a y o w a s u s o r e z o r e n o j e r o N t o r o j i
uttitako50_013	o g a ts e m e g u r i a w a s e y o
uttitako50_014	i n u h i t o
uttitako50_015	o m o u a n a t a n o y o b i g o w e
uttitako50_016	k o t a e t e a g e m a sh o w o
uttitako50_017	y o r i a w a s u
uttitako50_018	t o w a n i w a e t o d o m u m a j i
uttitako50_019	k a n o f i r u d o n i a s o b a s e
uttitako50_020	u r i j i m u n i n a r i b a a a r a m u j i j u ch i ch u r u e i y a e i y a
