utt01_001	k i cl t o
utt01_002	t o b e b a
utt01_003	s o r a m a d e t o d o k u
utt01_004	o w o k i n a k o n o s e k a i
utt01_005	i m a k i m i n o m o n o
utt01_006	y u r e t e
utt01_007	k a w a r u
utt01_008	s u g a t a m i s e t a i
utt01_009	o b e i b i
utt01_010	b e i b i s u t e i w i z u m i r e cl ts u g o
utt01_011	z u cl t o o m o o cl t e t a
utt01_012	n e g a i w a i ch i d o
utt01_013	h a n a sh i t a r a
utt01_014	k u z u r e t e k u
utt01_015	sh u N k a N m u k a i k a z e
utt01_016	d a r e m o sh i r a n a i
utt01_017	a sh i a t o w o
utt01_018	k i z u k a s e r u
utt01_019	k i m i t o
utt01_020	d e a u d a k e d e
utt01_021	s e k a i w a
utt01_022	i r o w o ts u k e r u
utt01_023	s o n o h o h o e m i g a a r u n o n a r a
utt01_024	h i t o r i k i r i j a n a i y o
utt01_025	d o k o m a d e m o
utt01_026	m a m o r i t a i
utt01_027	k i cl t o
utt01_028	t o b e b a
utt01_029	s o r a m a d e t o d o k u
utt01_030	o w o k i n a k o n o s e k a i
utt01_031	i m a k i m i n o m o n o
utt01_032	y u r e t e
utt01_033	k a w a r u
utt01_034	s u g a t a m i s e t a i
utt01_035	o b e i b i b e i b i s u t e i w i z u m i r e cl ts u g o
utt02_001	k i e r u k o t o n o n a i
utt02_002	y u m e g a
utt02_003	a r u k o t o
utt02_004	sh i N j i t e i r u
utt02_005	i ts u m a d e m o
utt02_006	r o o f a n a r a sh i t e
utt02_007	k a z e w o o i k o s e b a
utt02_008	ky u N t o ts u m e t a i
utt02_009	a k i n o y u u g u r e
utt02_010	a k a i s e r o f a N
utt02_011	r a m u n e w o h i t o ts u b u
utt02_012	k u ch i n i i r e t a r a
utt02_013	t a ch i m a ch i t o k e t a
utt02_014	a t o n a N d o
utt02_015	k o o y a cl t e
utt02_016	o n a j i y u u y a k e z o r a w o
utt02_017	w a k e a e r u k a n a
utt02_018	s e ts u n a i y o
utt02_019	u m a r e t e w a
utt02_020	k i e r u a w a n o y o n a
utt02_021	h i b i n i
utt02_022	m a y o i
utt02_023	k u j i k e s o n a h i n i w a
utt02_024	s u k o sh i z u ts u
utt02_025	k u r e t e y u k u s o r a n i s a k u
utt02_026	i ch i b a N b o sh i n i
utt02_027	ts u y o k u n e g a u
utt02_028	f o e b a d o r i m u
utt03_001	i m a y o r i m o
utt03_002	ts u y o k u n a r i t a i
utt03_003	t a d a h i t o ts u n o n e g a i
utt03_004	m u n e n i s a k u h o
utt03_005	n o w o
utt03_006	n a n i m o
utt03_007	d e k i n a k a cl t a h i n i
utt03_008	m u n e n o
utt03_009	ch i k a i w a u m a r e t a
utt03_010	k e sh i t e
utt03_011	m o w o n i g e d a s a n a i t o
utt03_012	t a d a h i t a s u r a
utt03_013	m a e w o m u k u t o
utt03_014	k i z u ts u k i t a o r e
utt03_015	m a t a t a ch i a g a r u
utt03_016	a k i r a m e n a d o sh i r a n u m o n o n i
utt03_017	h a r u w a
utt03_018	n a N d o d e m o
utt03_019	k o n o s a k i n i
utt03_020	n a n i g a a r u
utt03_021	m i e n a k u t e i i
utt03_022	i ch i z u n a m a n a z a sh i g a
utt03_023	h o n o w o w o t o m o
utt03_024	s u y o
utt04_001	a i d o r o i d o y a k e n i m a j i cl p o i z o
utt04_002	sh i m e k i r i h a r i k i r i h o w o t e i sh i k i
utt04_003	s o u y a cl p a f u sh i g i
utt04_004	h e k o N d e m o s o k u h a cl p i
utt04_005	d a m e m o t o d e k e cl k a r a cl k i
utt04_006	a n a t a n o t a m e n o
utt04_007	w a t a sh i a i d o r o i d o
utt04_008	m i g i a g e t e
utt04_009	h i d a r i a g e t e m i g i s a g e t e
utt04_010	h i d a r i s a g e n a i
utt04_011	k i d o u k a N ry o u a n a t a w a d a a r e
utt04_012	s a a n e f u
utt04_013	sh i m o N n i N sh o u f u r e r a r e t a r a
utt04_014	d o k i d o k i
utt04_015	k i h o N s e cl t e i g o y o w a n a a n i
utt04_016	d a a r i N w a cl t u
utt04_017	n i N m u s u i k o u n o z o m u m a m a n i
utt04_018	o k i d o k i
utt04_019	b u r e z a o a s e e r a f u k u
utt04_020	a w a s e r u n a r a h a i s o o a n i s o
utt04_021	d o cl ch i k o cl ch i y u u j u u
utt04_022	f u d a N d e m o i j a N
utt04_023	a i d o r o i d o n a N k a r a b u cl p o i z o
utt04_024	t o b i k i r i y u b i k i r i f u t a r i k i r i
utt04_025	m o k o r e cl k i r i
utt04_026	a i m o k o i m o s o n o s a k i m o m o cl t o
utt04_027	n a N d e m o k a N d e m o o sh i e t e y o
utt04_028	n e i i N d e sh o
utt04_029	n a y a N d e m o s o k u d o N m a i
utt04_030	sh i cl p a i sh i t e m o k e cl k a o r a i
utt04_031	a n a t a g a ts u k u r u
utt04_032	w a t a sh i a i d o r o i d o
utt05_001	k i m i g a i m a
utt05_002	b o k u w o s a s a e t e
utt05_003	b o k u g a i m a
utt05_004	k i m i w o s a s a e r u
utt05_005	d a k a r a m a y o i
utt05_006	n a g a r a m o t o m o n i i k i t e i k o u y o
utt05_007	m i r a i e t o
utt05_008	n a k a m a t o t a w a m u r e
utt05_009	s o r e n a r i d e i t e m o
utt05_010	m o n o t a r i n a s a w o k a N j i t e sh i m a u
utt05_011	s a m e t a m e d e m i r a r e t e
utt05_012	k a w a i t a j i d a i n o k a z e n i f u k a
utt05_013	r e t e i r u
utt05_014	a k i r a m e
utt05_015	k i r e r u m o n o n a r a b a
utt05_016	s a i sh o k a r a ky o w o m i m o t a n a i
utt05_017	w a s u r e r a r e r u m o n o n a r a
utt05_018	h i ts u y o u s a m o k a N j i n a i k a r a
utt05_019	f u a N n a
utt05_020	k o k o r o t o y u u k i g a s e n a
utt05_021	k a a w a s e n i n a cl t e r u
utt05_022	d a k e d o i m a n a r a y u m e w o
utt05_023	k o n o t e d e k a n a e t e m i s e r u y o
utt05_024	k i z u ts u i t e
utt05_025	k o w a r e s o n a h i m o
utt05_026	n a m i d a sh i t e
utt05_027	k o m a r a s e r u h i m o
utt05_028	a r u k e r e d o
utt05_029	b o k u r a w a s o r e w o k o e t e i k u N d a
utt05_030	d a r e y o r i
utt05_031	u e w o m e z a sh i t e
utt06_001	ts u k u e n o o k u n i
utt06_002	k a k u sh i t e r u n o w a ky u N t o
utt06_003	h i k a r u
utt06_004	h a a t o n o s u t o N
utt06_005	n e g a i n o ch a a m u
utt06_006	h i m i ts u n a n o
utt06_007	s o r e t o n e m o u h i t o ts u
utt06_008	sh i m a cl t e r u N d a ky u N t o
utt06_009	n a k i m u sh i
utt06_010	d a m e d a m e m i i
utt06_011	a k o g a r e n o s e k a i e
utt06_012	y u k u n o d a n a m i d a
utt06_013	h o r o r i
utt06_014	k o b o r e ch a u
utt06_015	h i t o sh i z u k u
utt06_016	n i j i n i n a r e
utt06_017	d a k e d o d a cl t e s a
utt06_018	ts u y o k u n a r u n o cl t e m u z u
utt06_019	k a sh i i
utt06_020	d a k e d o d a cl t e s a
utt06_021	i k u sh i k a n a i j a N p u
utt06_022	s e k u sh o N r e i N b o h a j i m a r u
utt06_023	t o k i m e k i m i r a i k a g a y a k i t a i
utt06_024	h o sh i n o r i z u m u n a n a i r o
utt06_025	m a h o w o w o k a k e y o
utt06_026	s e k u sh o N r e i N b o s u t e j i b a i s u t e j i
utt06_027	z u cl t o z u cl t o
utt06_028	m o cl t o m o cl t o
utt06_029	t o b i d a s o a sh i t a e
utt06_030	k o t o b a d e w a
utt06_031	i t a i o m o i t o d o k a n a i
utt06_032	d a k a r a z e N ry o k u
utt06_033	y a r u sh i k a n a i j a N p u
utt06_034	z u cl t o z u cl t o
utt06_035	m o cl t o m o cl t o
utt06_036	ts u z u k u r a i r a i r a i
utt06_037	o o k i k u t e w o h i r o g e
utt06_038	i r o t o r i d o r i n o w a w o e g a k u y o
utt06_039	p u r i t i r i z u m u h i b i i t e
utt06_040	s a i r i u m u n o n a m i
utt06_041	s e k u sh o N r e i N b o s u t e cl p u b a i s u t e cl p u
utt06_042	k i m i m o k i m i m o
utt06_043	k i m i m o g i b u m i m o
utt06_044	u t a w o a sh i t a e
utt07_001	p i N k u n o y u n i k o N
utt07_002	t o b u y o i sh o n i k o
utt07_003	s a i k o r o w o
utt07_004	k o r o g a sh i t e s a i k o r o j i
utt07_005	h a t o y o m u m i t e r u n o y o
utt07_006	i ts u d a cl t e s u s u m e a b a N ch u r u
utt07_007	w a t a sh i w a h o r o N u ch u u n o
utt07_008	k a k e r a d a k e d o k a N z e N
utt07_009	n a m i d a g a p o r o N ch o cl p i r i
utt07_010	m a j i k a r u
utt07_011	t i N t i N
utt07_012	k o n o p o r u b o r o N t a b e t a r a
utt07_013	t o n a e r u n o y o o m a j i n a i
utt07_014	k o t a e g a p o r o N h a cl p i i
utt07_015	m a j i k a r u
utt07_016	t i N t i N
utt07_017	s a i k o r o w o
utt07_018	k o r o g a sh i t e s a i k o r o j i
utt07_019	h a t o y o m u a i k a sh i r a
utt07_020	d o cl k i d o k i h i b i k e a b a N ch u r u
utt08_001	s o ry a p u n i cl t e k o t o k a i
utt08_002	ch o cl
utt08_003	r a cl p i N g u g a s e f u k u
utt08_004	d a f u r i cl t e k o t a n a i
utt08_005	p u
utt08_006	g a N b a cl ch a
utt08_007	y a cl ch a cl ch a
utt08_008	s o N t o ky a cl ch a N r i r i s u gy o cl a s e
utt08_009	a s e
utt08_010	n o t a n i m a n i d a r i N d a r i N f u r i z u
utt08_011	b o N b o N o e N d a N r e cl ts u g e cl ch e r i p a i
utt08_012	r a N r a N k a N g e k a i
utt08_013	r u cl k a cl p u s e N s e sh o N
utt08_014	h a i s o N z a i k a N
utt08_015	t e N t e N sh o u w a k u s e b u ts u k a cl t e t o k e m a sh i t a b o z e N o o i n i u t a cl t e sh i r e N j a
utt08_016	m o cl t e i k e s a i g o n i w a r a cl ch a u n o w a a t a sh i n o h a z u
utt08_017	s e r a f u k u
utt08_018	d a k a r a d e s u k e ts u r o N
utt08_019	g e ts u y o w o b i n a n o n i k i g e N w a r u i n o d o w o s u r u y o
utt08_020	n a ts u f u k u g a
utt08_021	i i n o d e s u ky a w a i
utt09_001	m a y o i k o N d a o t o g i n o k u n i w a
utt09_002	f u sh i g i d e
utt09_003	u r e sh i k u s e ts u n a i n o d e s u
utt09_004	a k e r u j u m o N w a h a a m o n i
utt09_005	h i t o r i j a s u s u m e n a i n o d e s u
utt09_006	s a k a s a m a n o
utt09_007	m a d o w a s u u n o
utt09_008	t e w o t o cl t e
utt09_009	h i t o ts u n o h i k a r i n i n a r o
utt09_010	f a N t a j i a w a N d a r a N
utt09_011	ts u g i n o s u t e j i e
utt09_012	m a t a s o n o s a k i g a
utt09_013	m a cl t e r u f a N t a j i a w a N d a r a N
utt09_014	k i m i n o p i s u t o
utt09_015	a w a s e t a r a k o N p u r i t o
utt09_016	n e e
utt09_017	i cl sh o n a r a m o n o s u g o i
utt09_018	k a g a y a k i m i ts u k a r u y o
utt09_019	s o r e w a d a r e m o sh i r a n a i
utt09_020	s a i k o u w a N d a r a N
utt10_001	h a t e n a i
utt10_002	y a m i n o n a k a
utt10_003	n a m i d a w a m o w o k a r e t a
utt10_004	y u r a y u r a
utt10_005	y u r e r u o m o i
utt10_006	m a r u d e
utt10_007	k a g e r o w o n e
utt10_008	ts u k i y o n i
utt10_009	sh i z u m u i n o r i w a
utt10_010	k a n a sh i k u k o d a m a s u
utt10_011	h a k a n a i
utt10_012	y u m e n a r a
utt10_013	t a d a ch i r u d a k e
utt10_014	s a y o n a r a s a e
utt10_015	i w a z u n i
utt10_016	t o z a k a r u
utt10_017	k i m i n o t e
utt10_018	a n o n u k u m o r i
utt10_019	s e m e t e
utt10_020	m o w o i ch i d o
utt10_021	k o k o r o n a k u sh i t e
utt10_022	s a m a y o u i k i k a t a
utt10_023	e r a b u f u t a r i
utt10_024	j a n a i
utt10_025	h o k o r i t a k a k u
utt10_026	u ts u k u sh i i
utt10_027	k i m i n o
utt10_028	s u g a t a w o
utt10_029	a n o h i
utt10_030	y a k i ts u k e t a
utt11_001	t a t o e b a k a r a d a n i n o k o r u k a N sh o k u w a a t a t a k a i
utt11_002	s a y o n a r a
utt11_003	n a m i d a
utt11_004	s e i g u cl b a i
utt11_005	t a t o e b a
utt11_006	k o k o r o n i ts u n o r u o m o i w a m a d a m i e n a i
utt11_007	a sh i t a e
utt11_008	t o b u ts u b a s a t u z a h e v u N
utt11_009	b o k u r a w a m i ch i n o t o ch u u d e
utt11_010	n a k u sh i t a y u m e n o k a k e r a w o
utt11_011	h i r o u k o t o w a m o
utt11_012	sh i n a i d a r o w o
utt11_013	u m a r e k a w a cl t a y o w o n i
utt11_014	a t a r a sh i i j i d a i w o
utt11_015	h i r a i t e k u
utt11_016	s o w o n e g a u n o
utt11_017	s e k a i g a
utt11_018	ts u k u r i d a s u
utt11_019	u n e r i n o n a k a d e
utt11_020	a r a g a cl t e
utt11_021	a r a g a cl t e i k u
utt11_022	b o k u r a g a
utt11_023	o r i t a ts u
utt11_024	k o k o w a m i k a N s e i n a m a m a
utt11_025	i k i w o sh i t e r u
utt11_026	t o d o i t e o k u r e
utt12_001	m a t a i t a z u r a n i t a i y o u w a
utt12_002	j i r i j i r i t e r i ts u k e
utt12_003	a m a i k o k o r o w o t o k a sh i t e
utt12_004	t a m e s u y o n i j a m a s u r u
utt12_005	s o k a i t a z u r a n i t a i y o w a
utt12_006	g e r a g e r a w a r a cl t e
utt12_007	n a m i d a s a e m o k a w a k a sh i t e
utt12_008	s u s u m e t o k u m o w o k a b u
utt12_009	n a N k a i d e
utt12_010	y a cl k a i n a b o u k e N w o
utt12_011	n o z o m u
utt12_012	t o k o r o d a k o w a k u n a i N d a z e n a k a m a g a i r u
utt12_013	h a r u k a n a r u u m i w o k o e
utt12_014	m e z a s u n o s a s a i k o n o s u t e j i s u s u m u m i ch i k o s o g a
utt12_015	t a k a r a n a n o s a sh i N j i t e r u
utt12_016	t e w o a g e t a s o n o m i r a i n i
utt12_017	a t a r a sh i i s e k a i g a w a n a k a k e m a cl t e r u
utt12_018	k o k o n i
utt12_019	sh i m i k o N d a y u k i w a
utt12_020	m o g a i t a
utt12_021	j i k a N t o k i m i n o k o e d e ts u k u r a r e t a N d a
utt13_001	i y a h o N w o k a t a h o w o d a k e
utt13_002	k a sh i t e a g e r u y o
utt13_003	o n a j i u t a w o
utt13_004	k i k i n a g a r a a r u i t e i k o
utt13_005	ts u r a i t o k i k i k i t a k u n a r u
utt13_006	o k i n i i r i n o u t a
utt13_007	o n a j i d a cl t a r a
utt13_008	k i s e k i t o k a sh i N j i ch a u n e
utt13_009	s o r e z o r e n o y u m e g a
utt13_010	ch i g a u m i ch i w o s a sh i t e m o
utt13_011	w a t a sh i t a ch i
utt13_012	i cl sh o d a y o
utt13_013	d o N n a t o k i m o
utt13_014	k i m i n i
utt13_015	y u m e n o m e r o d i
utt13_016	n a r i h i b i k u y o
utt13_017	k i z u i t a r a m u i sh i k i n i
utt13_018	m a t a k u ch i z u s a N d e r u
utt13_019	k o n o u t a g o e
utt13_020	t o d o k e t a i y o
utt13_021	s e k a i j u g a k o n o u t a w o
utt13_022	u t a i d a sh i t a r a s u t e k i n e
utt13_023	s e k a i h e i w a m o y u m e j a n a i
utt13_024	m u n e n o o k u n i h i b i k u
utt13_025	y u m e w o o i m o t o m e r u
utt13_026	s e N r i ts u
utt13_027	z u cl t o
utt13_028	k i cl t o
utt14_001	k u r u k u r u m a w a r i d a sh i t a
utt14_002	k a r a f u r u n a d u r i m u g o r a N
utt14_003	s u t e k i n a h a k u b a n o u e n i
utt14_004	k i m i n o y u m e g a m a a cl t e r u
utt14_005	o m o i k i cl t e t o b i n o r e b a
utt14_006	n a k a m a g a h i t o r i f u t a r i
utt14_007	m i r a i i k i n o ch i k e cl t o k o k o r o k a r a t o r i d a s o u
utt14_008	d a r e d a cl t e s a i sh o w a
utt14_009	ch o cl t o m a y o cl t e
utt14_010	d o k i d o k i sh i n a g a r a h a sh i r i d a s u N d a
utt14_011	y u m e m i t a i
utt14_012	h o r a
utt14_013	m i ts u k e t e y u m e j a n a i
utt14_014	k i m i
utt14_015	n o w a N d a r a N y u u k i g a
utt14_016	e g a i t a
utt14_017	i ts u m o t o ch i g a u s e k a i
utt14_018	i k o u y o
utt14_019	s a a
utt14_020	i i sh o n i y u m e n o t o
utt14_021	b i r a
utt14_022	h i r a i t e
utt14_023	s u b e t e n o k o t o g a h o r a
utt14_024	k i r a k i r a k a g a y a k u y o d u r i m u r a N d o
utt14_025	m u j a k i n a y u m e m o
utt14_026	k a n a e t e d u r i m u k a m u t u r u
utt15_001	o sh a r e n a a n o k o m a n e s u r u y o r i
utt15_002	j i b u N r a sh i s a g a i ch i b a N d e sh o
utt15_003	h a a t o n o k a g a y a k i k a N j i t a n a r a
utt15_004	r i s o w o s a g a sh i n i d e k a k e y o w o y o
utt15_005	f u e t e i k u o m o i d e z e N b u
utt15_006	p a k i N t o h a N b u N k o d e
utt15_007	t o m o d a ch i
utt15_008	k o N p u r i t o sh i y o
utt15_009	m e i k i cl d o k i d o k i s u r u t o k i m u t e k i d e sh o
utt15_010	m e i k a cl k i r a k i r a m i r a i d e k i m a r i d e sh o
utt15_011	y u m e w a m o w o
utt15_012	y u m e j a n a i
utt15_013	d a r e d a cl t e k a n a e r a r e r u
utt15_014	r e d i r e d i t u g o p a r a d a i s u
utt15_015	a k o g a r e w a
utt15_016	k i cl t o a sh u n o m i ch i sh i r u b e
utt15_017	r i s o w o n o j i b u N g a s o k o d e
utt15_018	m a a t e r u
utt15_019	t a m e r a w a z u m a e n i f u m i d a s o w o
utt15_020	n a g a s u a s e m o
utt15_021	n a m i d a m o m i n a
utt15_022	k i r a m e k i n i k a w a r u
utt16_001	n a k a w o
utt16_002	y u m e n i m u k a cl t e t o b o w o
utt16_003	d o N n a a m e y a
utt16_004	a r a sh i n i m o o r e y a sh i n a i
utt16_005	ts u b a s a w o h i r o g e t e
utt16_006	p o r o p o r o n a k e ch a u n o w a
utt16_007	h o N t o w o n o k o k o r o t o
utt16_008	m u k i a a cl t e r u
utt16_009	sh o w o k o n a N d a
utt16_010	k a g a m i n o n a k a n o k i m i g a
utt16_011	k a k u sh i t e r u s o n o k i m o ch i m o
utt16_012	w a k a cl t e r u k a r a
utt16_013	a k i r a m e t a k u n a i
utt16_014	m a cl s u g u n a o m o i g a
utt16_015	d a r e n i m o h i m i ts u n o
utt16_016	m i r a i n o d o a
utt16_017	ky o w o m o n o cl k u sh i t e r u
utt16_018	s a a
utt16_019	h a j i m a r i n o k a z e n o n a k a d e
utt16_020	u s o n o j i b u N n u g i s u t e
utt16_021	j i y u u n a s o r a n o h a t e
utt16_022	y u m e n i m u k a cl t e
utt16_023	t e i k u o f u
utt16_024	m a y o i n a y a N d e o ch i k o N d a
utt16_025	h i b i g a s u w o k i r i h i r a k u
utt16_026	d o N n a a m e y a
utt16_027	a r a sh i n i m o o r e y a sh i n a i
utt16_028	ts u b a s a d e h a b a t a k e
utt17_001	s o r e d a k e d e ts u y o k u n a r u
utt17_002	a f u r e r u
utt17_003	k o n o o m o i
utt17_004	o m o i k i r i t o d o k e
utt17_005	sh i k u r e cl py u a r a b u
utt17_006	k i m i t o f u z a k e a u d a k e
utt17_007	d e ky o i ch i n i ch i
utt17_008	z u u t o g o k i g e N n i n a cl ch a u
utt17_009	t a N j u N n a h a t o
utt17_010	h o N t o w a t o m o d a ch i k a r a
utt17_011	f u m i d a sh i t a i k e d o
utt17_012	a w a t e ch a d a m e
utt17_013	j i b u N r a sh i k u y u k o
utt17_014	o ch i k o N j a cl t e
utt17_015	h i t o r i n o k o r u h o u k a g o
utt17_016	h a sh i r u
utt17_017	k i m i n o
utt17_018	s u g a t a n a g a m e r u y o
utt17_019	k i m i g a s u k i s o n o k i m o ch i
utt17_020	d a k e d e
utt17_021	m a h o w o n o y o w o n i g e N k i n i n a r u
utt17_022	f u sh i g i d a n e
utt17_023	ky o o y o r i a sh i t a w a m o cl t o s u k i n i n a r u
utt17_024	a f u r e r u
utt17_025	k o n o o m o i
utt17_026	i ts u n o h i k a t o d o k e
utt17_027	sh i k u r e cl py u a r a b u
utt18_001	m i r a k u r u p a r a d a i s u h a t o n i k i z a m o
utt18_002	k i s e k i t e k i m o n o g a t a r i
utt18_003	ch i i s a n a d o ry o k u g a
utt18_004	m i r a i w o ch e N j i
utt18_005	h a j i m e y o
utt18_006	k o w o d e b a cl ch i r i
utt18_007	f e a r i n a w a N p i d e
utt18_008	sh i s e N a ts u m e ch a u y o
utt18_009	m i N n a n i t o d o k e k o n o my u j i cl k u
utt18_010	s u t e j i a g a r e b a
utt18_011	d a r e d a cl t e a i d o r u
utt18_012	j o u sh o w o sh i k o w o d e i k o
utt18_013	sh i cl p a i sh i t a r i ch o cl t o h e k o N d e m o
utt18_014	m i N n a t o m o d a ch i
utt18_015	k i r a k i r a n a m e i k i N g u d o r a m a
utt18_016	i i sh o n i ts u k u r o
utt18_017	p u r i p a r a p a r a d a i s u
utt18_018	h a a t o m i g a i t e
utt18_019	y u m e w o k a n a e r u s e k a i
utt18_020	a i d o r u r a N k u w o
utt18_021	a g e ch a o w o
utt18_022	k i r a m e k i p a r a d a i s u
utt18_023	d o N n a t o k i m o
utt18_024	e g a o t a y a s a z u i k o w o
utt18_025	ch i i s a n a d o ry o k u g a
utt18_026	m i r a i w o ch e N j i
utt18_027	h a j i m e y o
utt19_001	n i g i r i sh i m e r u
utt19_002	p u r a i d o n o n e ts u g a
utt19_003	j i r i j i r i t o t e n o h i r a
utt19_004	k o g a sh i t e y u k u k a r a
utt19_005	a k i r a m e n a i
utt19_006	m a d a o w a r i t a k u n a i
utt19_007	k a r e r u m a d e n a i t a r a s a m a e w o m u k u N d a
utt19_008	y a m i w o s a m a y o i
utt19_009	y a cl t o m i ts u k e t a k i m o ch i
utt19_010	h o N n e t o i u n a n o h o N m o n o n o k o k o r o
utt19_011	d a k i sh i m e t e
utt19_012	f u m i d a s e
utt19_013	a s u e
utt19_014	n o i z u d a r a k e n o m a ch i n i
utt19_015	h i b i k e k o n o k o d o w o
utt19_016	m i e y a k a z a r i z e N b u s u t e t e
utt19_017	k a k e n u k e r o
utt19_018	k o N n a N b a cl k a n o h i b i w o
utt19_019	k o e n a ky a t o d o k a n a i
utt19_020	m i cl t o m o n a i j i b u N d e m o i i j a N
utt19_021	h a sh i r e g a m u sh a r a n i
utt19_022	h a sh i r e
utt19_023	a n o y u m e e
utt20_001	b u k i y o w o n a i i k a t a g a s u k i s u k i s u k i s u
utt20_002	n e k i s u k i s u g o u i N n i sh i t e
utt20_003	k o i w a sh o w o s e ts u y o r i k i n a r i s e w a n o y a
utt20_004	k e r u m i r a k u r u n a y a cl k a i g o t o
utt20_005	s a k i y o m i sh i k o w o
utt20_006	r e N s o m o s o b o s o u sh i s o
utt20_007	h o w o k a g o a t o r a k u sh o N k u r u k u r u
utt20_008	r a k u g a k i ch o w o k u d e d e k o r e e sh o N
utt20_009	r a b u d e i k i m a sh o
utt20_010	o ch i ts u k e m o ch i ts u k e r e b o ry u sh o N
utt20_011	ts u N ts u N
utt20_012	d e r e d e r e
utt20_013	k o i n u m i t a i n a
utt20_014	e g a w o g a n i k u r a sh i k u t e i j i m e ch a u
utt20_015	k a w a i k u cl t e
utt20_016	a k a r a s a m a d e r o k o t u n a a i w o t u t a e t e y o
utt20_017	b u k i y o w o n a i i k a t a g a s u k i s u k i s u k i s u
utt20_018	g o u i N n i sh i t e
utt20_019	m u ch i k o k u m u k e cl s e k i d e m a i n i ch i t a b e ch a u k a r a
utt20_020	i t o sh i k u t e k a w a i k u t e s u k i s u k i s u k i s u
utt20_021	n e k i s u k i s u k i s u
utt20_022	z e N ry o k u sh i i s o w o i s o g a b a j u N a i ch u u
utt20_023	ky o o m o w i N k u d e sh u N s a ts u
utt20_024	a i sh i t e r u n o s a i N
utt21_001	m u k u ch i n a
utt21_002	h a t o h i r a i t a r a
utt21_003	s u s u m o
utt21_004	k o e a w a s e t e
utt21_005	k i r a k i r a
utt21_006	sh i t e i r u j i b u N w o
utt21_007	ts u k a m o
utt21_008	d a i s u k i n a k o t o sh i y o
utt21_009	k a ch i k a m a k e d a n a N t e
utt21_010	k a N k e n a i j a n a i
utt21_011	s a
utt21_012	t e t o t e ts u n a i d e
utt21_013	h e i j a N p u
utt21_014	p a t i w a h a j i m a r u
utt21_015	r e cl ts u d a N s u w a N ts u s u r i
utt21_016	m i r a i e
utt21_017	s o z u cl t o
utt21_018	m i N n a d e
utt21_019	z e cl t a i
utt21_020	a k i r a m e t a k u n a i k a r a
utt21_021	r e cl ts u sh i N d u m a i b e s u
utt21_022	a sh i t a w a
utt21_023	k i cl t o
utt21_024	k a g a y a i t e r u
utt21_025	ch i k a r a
utt21_026	a w a s e t e
utt21_027	t o k i m e k i s a g a sh i t e k u ts u k a m i t o r o p u r i p a r a
utt21_028	u m a k u i k a n a i t o k a
utt21_029	s u r e ch i g a i b a k a r i d e
utt21_030	d a m e n i n a r i s o w o n a t o k i w a i sh o n i
utt21_031	f u t a ts u
utt21_032	o r i n o y u m e w o k a n a e y o w o
utt21_033	e g a w o
utt21_034	u k e t o r o
utt21_035	s o w o i cl sh o n i
utt21_036	u t a i t a i
utt21_037	n e i cl sh o n i
utt21_038	o d o r i t a i
utt21_039	z e cl t a i
utt21_040	a k i r a m e n a i y o
utt21_041	r e cl ts u g o u
utt22_001	s a g a sh i n i y u k o
utt22_002	m i h a t e n u m i r a i
utt22_003	n a N d o k i z u ts u k e r a r e t e m o
utt22_004	s o n o i t a m i n o b u N d a k e
utt22_005	k i n o w o y o r i ts u y o k u n a cl t e r u
utt22_006	b o k u t a ch i w a h i t o r i n a N k a j a n a i
utt22_007	k a N j i t e k u r e r u n a r a
utt22_008	m o w o i ch i d o w a r a cl t e h o sh i i
utt22_009	i m a d e k i r u k o t o
utt22_010	h i cl sh i n i y a r u sh i k a n a i N d a y o
utt22_011	s o r e g a i k i r u cl t e y u k o t o
utt22_012	s a g a sh i n i y u k o
utt22_013	d o N n a n i h a t e n a k u t e m o
utt22_014	sh i N j i t e y u k o
utt22_015	s o d a t e t e k i t a o m o i
utt22_016	g e N k a i k o e t e
utt22_017	h a sh i r i n u i t e y a cl t o
utt22_018	s o n o s a k i n i
utt22_019	m i e r u
utt22_020	m i r a i w o y u m e t o y o b u N d a
utt22_021	f u m a r e t e o r a r e t e k i z u
utt22_022	ts u k e r a r e
utt22_023	s o r e d e m o h a n a s a n a k a cl t a
utt22_024	y u m e d e sh o
utt22_025	ts u y o i m a n a z a sh i d e i m a
utt22_026	m a e w o m u k u
utt22_027	k i m i t o i cl sh o n i
utt22_028	s a a k a k e d a s o w o
utt23_001	d o k i d o k i sh i t a i y o
utt23_002	h a sh i r e
utt23_003	k o r e k a r a
utt23_004	h a j i m a r u
utt23_005	t a k a r a m o n o w o m i ts u k e y o
utt23_006	d a i e cl t o w o s u r u cl t e k i m e t a
utt23_007	r a i sh u
utt23_008	k a r a n i k i m e t a
utt23_009	b a i t o g a e r i n o k o N b i n i
utt23_010	y o k e t e
utt23_011	t o m a w a r i sh i t a r i
utt23_012	o m e a t e n o f u k u h o sh i i n o
utt23_013	a t o s u k o sh i n o g a m a N n a n o
utt23_014	ts u y o i o m o i w a
utt23_015	z e cl t a i k a n a u y o
utt23_016	s o r e m o
utt23_017	j o sh i ry o k u d e sh o
utt23_018	g a N b a cl t e y u k o
utt23_019	i s o g a sh i
utt23_020	m a i n i ch i t a n o sh i m o
utt23_021	i ts u k a
utt23_022	e g a w o n i
utt23_023	n a r u t o i i n e
utt23_024	d o N n a t o k i m o
utt23_025	k o w o k a i
utt23_026	sh i t a k u n a i
utt23_027	w a t a sh i n i n a r u t a m e n i
utt23_028	w a k u w a k u sh i t a i
utt23_029	t a k a r a m o n o d o k o n i a r u n o m o w o cl t o s a g a s o w o
utt24_001	h e i b o N n a h i b i n i
utt24_002	a k i ch a cl t a n o n a r a
utt24_003	k o k o r o k i g a e t e
utt24_004	a s o b i n i y u k o
utt24_005	m i N n a d e
utt24_006	g o k i g e N n a my u u j i cl k u
utt24_007	k i k o e r u m i r a i n o
utt24_008	s a i sh i N e r i a
utt24_009	i ch i b a N n o r i sh i y o w o
utt24_010	ch a a m u p o i N t o w a
utt24_011	t o b i k i r i n o s u m a i
utt24_012	t o m o d a ch i m i N n a
utt24_013	a ts u m a cl t e
utt24_014	k a n e w o n a r a sh i t a r a
utt24_015	m i r a k u r u d o r i m a
utt24_016	n i j i i r o n i k a g a y a k u
utt24_017	y u m e w o m i ts u k e n i y u k o
utt24_018	k i r a k i r a t o k i m e i t a r a
utt24_019	o m o i n o m a m a t a n o sh i N j a e
utt24_020	k i m i t o n a r a
utt24_021	d o k o m a d e m o y u k e r u y o
utt24_022	o w a r a n a i m o n o g a t a r i
utt24_023	s u t a t o sh i y o w o
utt24_024	p u r i p a r a d o r i m u p a r e d o
utt25_001	m a ch i k o g a r e t a
utt25_002	k i s e ts u g a k u r u
utt25_003	d o k o n i d e k a k e y o w o
utt25_004	n a ts u n o d a i a r i
utt25_005	u m i n i y u k o w o
utt25_006	y a m a g a i i n o
utt25_007	k a m i a w a n a i f u t a r i
utt25_008	m a j i m o N d a i a r i
utt25_009	s o w o z o w o
utt25_010	sh i t e m i t e
utt25_011	n a ts u w a y a cl p a r i u m i d e sh o
utt25_012	m i z u g i n i
utt25_013	k i g a e t a w a t a sh i
utt25_014	h i t o r i j i m e n i
utt25_015	sh i t a i d e sh o
utt25_016	n a ts u n o k i m i t o m e r a m e r a
utt25_017	sh i g e k i t e k i n a k o i m o y o w o
utt25_018	u m i y o r i f u k a i a i j o w o n i
utt25_019	o b o r e t e m i t a i n a ts u y a s u m i
utt25_020	n a ts u n o k i m i t o h a r a h a r a
utt25_021	t o r o k e s o w o n a k o i g o k o r o
utt25_022	i ch i d o k a g i r i n o n a ts u d a k a r a
utt25_023	f u t a r i d e
utt25_024	t o b i k o N d e m i y o cl k a
utt25_025	s a m a b a k e sh o N r a b u
utt26_001	h i m i ts u n o
utt26_002	t o b i r a w o a k e y o w o
utt26_003	h a z u k a sh i g a r a n a i d e
utt26_004	s o k o w a s u t e k i n a
utt26_005	w a N d a r a N d o
utt26_006	d a r e m o g a
utt26_007	m i t a k o t o n a i y o w o n a
utt26_008	w a t a sh i d a k e n o s e k a i
utt26_009	m e i k i N g u sh i y o w o
utt26_010	t o m o d a ch i m i ts u k e t e s a s o w o cl t a r a
utt26_011	s o r e w a u N m e i n o
utt26_012	s u t e e j i e
utt26_013	ts u n a g a r u
utt26_014	s a i k o w o n o p a s u p o w o t o
utt26_015	y u m e w a k a n a e r u m o n o ch a N
utt26_016	s u n i ts u n a g e y o w o
utt26_017	a k o g a r e t e r u a i d o r u m e z a sh i t e
utt26_018	m i N n a d e i i sh o n i k i
utt26_019	s e k i o k o s o w o y o
utt26_020	k i r a k i r a k a g a y a k i d a s u
utt26_021	p u r i p a r a f a N t a j i
utt27_001	a s u w o
utt27_002	m a d a sh i N j i t e r u k a r a
utt27_003	k o k o r o ts u n a g i i m a w o i k i r u
utt27_004	k a s u k a n a h i k a r i n i
utt27_005	k i b o w o t o n a z u k e t e
utt27_006	d a i j i n i gy u cl t o d a k i sh i m e
utt27_007	t a N d a
utt27_008	b o k u r a w a g e N k a i n a N t e
utt27_009	m i t o m e ch a i n a i y o
utt27_010	k o k o r o g a u g o k e b a m i r a i w a
utt27_011	k a w a r u
utt27_012	o m o i
utt27_013	n e g a u
utt27_014	d e j a b u
utt27_015	o i k a k e s a a
utt27_016	f u m i d a s e
utt27_017	s a m e n a i y u m e n o
utt27_018	h o t e cl t a b i n e ts u n o n a k a b o k u r a
utt27_019	a k i r e r u k u r a i
utt27_020	z e N ry o k u d e ky o w o w o
utt27_021	a g a k u h i t o r i j a n a i y o
utt27_022	s o n o k o e g a m i ch i b i k u h o w o e h a sh i r e
utt27_023	n e k u s u t e cl p u n e k u s u t e j i
utt27_024	b o k u r a w o m a ts u ts u g i n o b a sh o m a d e
utt27_025	k o k o r o k a s a n e t e
utt27_026	u N m e i k o e t e
utt27_027	i m a w o i k i n u k e
utt28_001	d o k a d o k a
utt28_002	b a k a b a k a
utt28_003	g a m a N n a N t e sh i t a k u n a i s o o d e sh o
utt28_004	k o r a k o r a
utt28_005	o r a o r a
utt28_006	i k u y o t o ts u g e k i w a N ts u u d a cl d a cl d a cl d a cl d a cl d a cl d a cl d a cl
utt28_007	k i m i n o
utt28_008	sh i
utt28_009	s e N
utt28_010	w a t a sh i d a k e sh i i cl t e r u
utt28_011	a
utt28_012	i z u
utt28_013	u k e t o w o cl t e
utt28_014	i k u y o
utt28_015	h i m i ts u n o s e k a i
utt28_016	j a k o k o k a r a a ts u i a ts u i b o k u r a n o
utt28_017	m e g u r i m e g u r u s u t o w o r i
utt28_018	t a k a m a r u m u n e n o k o d o w o
utt28_019	k i m i n i m o k i k a s e y o w o
utt28_020	a ts u i a ts u i b o k u r a n o
utt28_021	o m o i e g a k u s u t o w o r i
utt28_022	d o k i d o k i g a t o m a r a n a i
utt28_023	h a ch a m e ch a
utt28_024	k i m i n i s u t o r a i k u
utt29_001	b a cl ch i r i
utt29_002	ky o w o m o m i N n a k a w a i k u n e
utt29_003	i cl p o a g a r e b a h i r o g a r u
utt29_004	s o r e z o r e n o s u t e e j i
utt29_005	p i cl t a r i
utt29_006	ky o w o m o m i N n a ts u n a g a cl t e r u
utt29_007	o n a j i y u m e m i t e r u k o t o
utt29_008	y u u k i n i n a r u y o
utt29_009	o ch i k o N d a r i
utt29_010	j i sh i N n a k u n a r u t o k i m o
utt29_011	a r u k e d o
utt29_012	t e t o t e ts u n a g i n a m i d a w o
utt29_013	f u cl t o b a sh i ch a e
utt29_014	k o e m o k i b o m o k a s a n e t e
utt29_015	hy a k u p a s e N t o n o s u m a i r u
utt29_016	t o k i g a t o m a r u k u r a i n o
utt29_017	h i k a r i
utt29_018	h a n a t e
utt29_019	w i a w a N
utt29_020	t o k i m e k i z e cl t a i m i ts u k e y o
utt29_021	m i N n a k o ky u w o
utt29_022	a w a s e t e
utt29_023	k o k o k a r a i cl p o s u s u m e b a
utt29_024	k i m i m o
utt29_025	h i k a r u
utt29_026	w i a w a N
utt30_001	k o t o b a n a N t e i r a n a i k a r a
utt30_002	s u r e ch i g a u t a d a s o r e d a k e d e
utt30_003	s a k i b a sh i r u
utt30_004	k i m o ch i s a e
utt30_005	i ts u m o t o w o r i
utt30_006	n a ts u k a sh i i m e r o d i i n i
utt30_007	o m o i d e g a f u t o y o m i g a e r u
utt30_008	m u n e n o o k u
utt30_009	sh i m e ts u k e t a
utt30_010	n i b u i i t a m i i
utt30_011	a i n o y u a f i i r i N k i z u i t e r u
utt30_012	a n a t a n i t o cl t e
utt30_013	w a g a m a m a d a cl t e
utt30_014	d a k e d o k o n o o m o i
utt30_015	t o m e r a r e n a i n o
utt30_016	m o e a g a r u b e i b i b e i b i p u r i z u
utt30_017	b e i b i b e i b i p u r i z u
utt30_018	k o n o t e w o ts u n a i d a r a
utt30_019	o w o b e i b i b e i b i p u r i z u
utt30_020	b e i b i b e i b i p u r i z u
utt30_021	ts u y o k u n i g i cl t e
utt30_022	i ts u n o h i k a b e i b i b e i b i p u r i z u
utt30_023	b e i b i b e i b i p u r i z u
utt30_024	k u ch i b i r u k a s a n e t a r a
utt30_025	o w o b e i b i b e i b i p u r i z u
utt30_026	b e i b i b e i b i p u r i z u
utt30_027	a k a k u s o m a cl t e e k u
utt31_001	a r i cl t a k e n o a i r a b u y u
utt31_002	m i n o r a n a k a cl t a m a i f a s u r a b u
utt31_003	k i m i w a i ts u d e m o
utt31_004	m a m o cl t e k u r e t a
utt31_005	k e N k a m o sh i t a k e r e d o
utt31_006	d a k a r a k o s o sh i N y u u
utt31_007	n a N d e m o z e N b u
utt31_008	w a k a ch i a cl t a
utt31_009	i sh o n i s u g o sh i t a h i b i w a
utt31_010	z u u t o
utt31_011	w a t a sh i t a ch i w o s a s a e t e r u y o
utt31_012	h a r u k a z e k i r a r i
utt31_013	a r i g a t o w o
utt31_014	z e cl t a i w a s u r e n a i m e m o r i z u
utt31_015	k a g a y a k u o m o i d e g a
utt31_016	a f u r e d a s u
utt31_017	m u n e ky u N sh i t a r i
utt31_018	o o n a k i sh i t e
utt31_019	i cl p a i k a t a r i a cl t a y o n e
utt31_020	k i m i w a z u t o
utt31_021	t a i s e ts u n a b e s u t o m a i f u r e N d o
utt31_022	h a a t o g a t a n o h a n a b i r a w a
utt31_023	e i e N n o sh i r u sh i n e
utt31_024	e g a w o d e t e w o f u r o
utt32_001	g e cl d a N s u
utt32_002	p u r i p a r a ky o w a m o cl t o d a s u
utt32_003	k a g a y a k u y o m u n e n o r e i N b o
utt32_004	t o k i m e k i n o n e b a r a N d o
utt32_005	i ts u k a k a n a e t a i m o n o
utt32_006	s o r e j a m i t a s e n a i m o n o
utt32_007	d o k i d o k i n a m e r o d i g a m o w o s u g u
utt32_008	k i k o e r u y o
utt32_009	k e sh i t e n a k u s e n a i m o n o
utt32_010	k o r e w a y u z u r e n a i m o n o
utt32_011	r e cl ts u s u t a t o m i r a k u r u n a
utt32_012	y u j o w a f o e b a
utt32_013	d o r i m u o b u r a i b u
utt32_014	s u n a o n a k i m o ch i g a
utt32_015	i y o n e
utt32_016	k o t o b a j a h a k a r e n a i my u j i cl k u
utt32_017	n o g a s e n a i n e
utt32_018	i m a s u g u h a cl p i d e i z u
utt32_019	d a k i sh i m e t a i
utt32_020	k u r i s u t a r e i N b o sh a w a
utt32_021	e g a k u y o sh u d i N s u t a
utt32_022	a k o g a r e k a n a u s u t e j i m a d e
utt32_023	u N m e i n o t a k u t o d e sh o t a i m u
utt32_024	k u r o z e t o a k e t e
utt32_025	m a b u sh i
utt32_026	m i r a i e
utt32_027	k a m i a i d o r u d a cl t e
utt32_028	n a cl t e m i s e r u k a r a
utt33_001	k a k a e k i r e n a i h o d o f u k u r a m u
utt33_002	k o k o r o n i m i m i w o s u m a s e t e i t a
utt33_003	f u m i d a sh i t a t a b i j i n o n a k a d e
utt33_004	d e a e t a k i s e k i w a
utt33_005	g u z e N j a n a i
utt33_006	m e n o m a e n i h i r o g a cl t e y u k u k a g a y a k i w o
utt33_007	h i t o ts u n o k o s a z u u k e t o
utt33_008	m e
utt33_009	t e
utt33_010	m a y o i y a k o k a i d a cl t e m e w o s o r a s a z u n i
utt33_011	d o N n a
utt33_012	m i ch i n o r i m o k o
utt33_013	e t e
utt33_014	y u k e r u t o
utt33_015	o m o e t a
utt33_016	b o k u r a n o k a n a d e r u
utt33_017	m e r o d i g a k a s a n a cl t e
utt33_018	s e k a i j u n i h i r o g a r u
utt33_019	o m o i w o ts u y o k u d a k i sh i m e t a n a r a
utt33_020	d o k o m a d e m o y u k e r u
utt33_021	a
utt34_001	o k i z a r i n o h o h o k a s u m e t e
utt34_002	o ch i t e i k u r e i n i n a i
utt34_003	m u n e n o
utt34_004	o k u m a d e s a s u n o w a
utt34_005	m o y a m e n i sh i t e
utt34_006	k u ch i g u s e n o y o n a k o t o b a w o
utt34_007	s a e g i r u t o i k i j a
utt34_008	a r i f u r e t a
utt34_009	k o i n o o w a r i n i
utt34_010	t o r a w a r e r u d a k e
utt34_011	u N m e i n i y u m e m i t a
utt34_012	f u t a r i n o m i r a i w a
utt34_013	k i cl t o m o i ch i d o
utt34_014	m a j i w a r u k o t o w a n a i k e d o
utt34_015	s o N f o y u g a n e
utt34_016	m a cl s u g u n a
utt34_017	u t a g o e n i n o s e t a r a
utt34_018	f u m i d a sh i t e i k o o
utt34_019	s o r e z o r e n o s u t a t o w o
utt34_020	r a i f o m i g a n e
utt34_021	t o m e i n a
utt34_022	ch i z u n i h i r o g e t a n a r a
utt34_023	s u g a w o n o m a m a d e
utt34_024	k o e t e y u k e r u
utt34_025	m a ch i g a i s a g a sh i w a m o w o
utt34_026	y a r i a k i t a n o
utt34_027	i e n a i m a m a n o
utt34_028	i t a m i
utt34_029	d a cl t e k a m a w a n a i
utt35_001	i ts u k a r a t a ch i d o m a cl t e sh i m a cl t a n o d a r o
utt35_002	d a r e y o r i ts u y o k u n a r u t o
utt35_003	ch i k a cl t a n o n i
utt35_004	n u g u e n a i k a k o k e sh i s a r u y o w o n i
utt35_005	o i k a k e ts u z u k e r u y a k u s o k u n o b a sh o e
utt35_006	s o r a n i m a j i w a r u f u t a ts u n o h o sh i g a t o m o n i
utt35_007	m i ch i b i k a r e
utt35_008	k i m i t o n a r a
utt35_009	d o N n a
utt35_010	m i ch i d e m o k o e t e y u k e r u y o
utt35_011	k a w a sh i t a k i z u n a g a
utt35_012	ch i k a r a n i n a cl t e
utt35_013	t o k i h a n a cl t e
utt35_014	y a m i w o s a i t e
utt35_015	f u t a r i g a m e z a s u h o sh i e
utt35_016	k o n o s e k a i g a
utt35_017	o w a r u m a d e w a
utt35_018	t o m o n i t a t a k a i ts u z u k e r u
utt35_019	n a N d o m o
utt35_020	n a N d o m o
utt35_021	t a ch i a g a r u k a r a
utt35_022	m a e w o m i t e t o m a r a n a i d e
utt35_023	a n o s o r a e
utt35_024	d o r e d a k e k u j i k e s o w o n i n a cl t e m o
utt35_025	f u r i k a e r u k o t o w a m o w o d e k i n a i
utt35_026	h i k a r i s a e m o
utt35_027	t o d o k a n a i b a sh o d e
utt35_028	t a k u sh i t e k u r e t a n e g a i w o m u n e n i
utt35_029	ts u y o k u d a k i sh i m e t e
utt35_030	k o k o k a r a
utt35_031	s a t o b i t a t o w o
utt36_001	s o r e d e m o b o k u r a w a
utt36_002	a r u i t e i k u N d a
utt36_003	d o w o sh i t e s o N n a n i
utt36_004	j i b u N b a k a r i s e m e r u n o
utt36_005	t a m e i k i d a k e g a h i b i k u h e y a d e
utt36_006	a n o h i
utt36_007	d a r e k a n o s e i n i w a
utt36_008	m o w o sh i t a k u n a i t o
utt36_009	k a g a m i n o m e i r o n i n i g e k o N d a
utt36_010	m a r u d e m a i g o n o y o w o n i
utt36_011	ts u n a i d e t a h a z u n o t e n o
utt36_012	n u k u m o r i o i k a k e t e
utt36_013	f u r i m u k i m o s e z u n i
utt36_014	a sh i t a w o
utt36_015	m e z a sh i t a
utt36_016	d o w o s u r e b a i i n o
utt36_017	d o w o sh i t a i n o
utt36_018	n a n i g a s e i k a i d e
utt36_019	m a ch i g a i n a n o
utt36_020	t a t o w e k o n o s a k i g a
utt36_021	i k i d o m a r i d e m o n e
utt36_022	e r a N d a m i ch i n i
utt36_023	j i b u N n i k o w o k a i sh i t a k u n a i N d a
utt36_024	u N m e i t o
utt36_025	i e b a o o g e s a d e
utt36_026	g u u z e N t o
utt36_027	i e b a u s o n i n a r u
utt36_028	h o N n o ch i s a n a
utt36_029	h i ts u z e N k a s a n e t e
utt36_030	i m a w a
utt36_031	m i r a i w a ts u k u r a r e t e
utt36_032	i k u k a r a
utt37_001	h a t e sh i n a i m i r a i w o e g a i t e
utt37_002	n a N d a a t e k a n a u k i g a sh i t e t a
utt37_003	a n o k o r o n o
utt37_004	m i ts u k e t a r a
utt37_005	n a N d o d e m o s a
utt37_006	y u m e n i h a sh i r i d a s o w o
utt37_007	a o i s o r a
utt37_008	s e m i sh i g u r e g a m i N m i N t o h i b i i t e
utt37_009	m a ch i w a d o t a b a t a t e N y a w a N y a d e
utt37_010	o b a ch a N g a
utt37_011	k i s e t e k u r e t a b o t a N n o y u k a t a
utt37_012	n a ts u k a sh i k u t e
utt37_013	o m o w a z u a f u r e d a sh i t a
utt37_014	n a m i d a
utt37_015	i s o g a sh i i g a k u ch i g u s e d e r e N r a k u m o
utt37_016	sh i n a k a cl t a n o n i n e
utt37_017	k a w a r a n a i
utt37_018	m i N n a g a i r u
utt37_019	a a u r e sh i n e
utt37_020	s a a n a ts u w o
utt37_021	h a j i m e y o
utt37_022	h a t e sh i n a i y u m e w o e g a i t e t a
utt37_023	o s a n a i h i n o b o k u r a g a w a r a cl t e
utt37_024	t e w o h i cl p a r i
utt37_025	h i m i ts u k i ch i
utt37_026	i m a d a cl t e
utt37_027	d o k i d o k i s u r u n e
utt37_028	m a b u sh i k u r a i k a g a y a i t e i t a y o
utt37_029	n a N d a cl t e k a n a u k i g a sh i t e t a
utt37_030	y o m i g a e r u
utt37_031	d a k u m u n e n i
utt37_032	s a i t a n o w a s o
utt37_033	py u a d e m u k u n a e g a w o
utt38_001	k i m i g a i r e b a d o N n a y u m e m o ts u k a m e r u k a r a
utt38_002	d a r e n i m o m a n e d e k i n a i
utt38_003	t a d a h i t o ts u k i r a m e k u sh a i n i N s u t a
utt38_004	k u y a sh i s a n i m a t a n a m i d a sh i t a y o r u m o
utt38_005	g a m u sh a r a n i s u s u N d a
utt38_006	a m e n o h i m o
utt38_007	k a z e n o h i m o
utt38_008	h i t o r i b o cl ch i j a k i cl t o m i ts u k a r a n a i
utt38_009	d a r e k a n o y a s a sh i s a d e
utt38_010	i m a k o k o n i r u
utt38_011	z u cl t o k i e n a i n o
utt38_012	a ts u
utt38_013	i k i m o ch i g a m a t a
utt38_014	s o cl t o t e r a s u n o w a
utt38_015	w a t a sh i t o k i m i n o m i r a i n o
utt38_016	ch i z u d a y o
utt38_017	k i m i g a i r e b a d o N n a y u m e m o ts u k a m e r u k a r a
utt38_018	a k i r a m e n a i d e
utt38_019	k o n o t e ts u n a g i
utt38_020	m e z a s o w o y o
utt38_021	k i m i d a k e sh i k a
utt38_022	d e k i n a i k o t o
utt38_023	t a k u s a N a r u
utt38_024	d a r e n i m o m a n e d e k i n a i
utt38_025	t a d a h i t o ts u k i r a m e k u sh a i n i N s u t a
utt39_001	n a N n i d e m o ky o w o m i w o m o cl t e
utt39_002	ch i r a k a s u d a k e ch i r a k a sh i ch a cl t e
utt39_003	a ts u i
utt39_004	k i m o ch i k o j i r e
utt39_005	d a i j i n i sh i s u g i t e k a k u sh i t a
utt39_006	h o w o s e k i m i t a i n a o m o i w a
utt39_007	k u r a y a m i
utt39_008	s a m a y o cl t e r u
utt39_009	a i sh u s a e m o n i a w a n a i
utt39_010	y u m e n a r a s e m e t e n e
utt39_011	i ch i d o k u r a i n a i t e s a k e N d e
utt39_012	u ch i h i sh i g a r e t a i
utt39_013	a k o g a r e m a ch i g a u w a t a sh i
utt39_014	i m a w a k o r e d e i i
utt39_015	k i m i w o m i ts u m e r u t a b i n i
utt39_016	d a i j i n a m o n o h o d o k a k u s e n a k u n a r u w a
utt39_017	k o k o r o g a i m a h i r a k e s o w o
utt39_018	m i t e
utt39_019	k o N n a w a t a sh i
utt39_020	k i m i d a k e g a i ts u m o s o cl t o
utt39_021	s o cl t o s e n a k a w o
utt39_022	o sh i t e
utt39_023	k u r e s o n o y a s a sh i s a
utt39_024	u ch i h i sh i g a r e t e i
utt39_025	k i m i g a
utt39_026	k o k o n i i r u k a r a
utt39_027	s u b e t e g a r i a r u
utt39_028	k i z u ts u i t e w a s a m a y o i
utt39_029	o m o i n i o m o i w o k a s a n e t a j u w e r u g a
utt39_030	k o k o r o w o gy u cl t o h i t o ts u n i
utt39_031	f u n o k a N j o w o
utt39_032	s a e ts u ts u N d e
utt39_033	t a m e n i t a m e t a
utt39_034	n a m i d a s a e
utt39_035	i m a
utt39_036	k a g a y a k a s u
utt40_001	m e g u r i a e t a k o t o s o n o k i s e k i w o t o k i d o k i
utt40_002	b o k u r a w a w a s u r e t e sh i m a u n e
utt40_003	s u i h e i s e N n a N d o d e m o a s a h i w a n o b o r u y o
utt40_004	m i N n a n o k o k o r o n o n a k a n i m o
utt40_005	a r i g a t o i s o g a sh i i
utt40_006	a s a m o i ch i b a N n i o h a y o o w o
utt40_007	t o d o k e t e k u r e r u k a r a
utt40_008	g e N k i d e t a y o s o n o k o t o
utt40_009	d a k e d e ky o o m o i ch i n i ch i
utt40_010	sh i a w a s e d a
utt40_011	d o N n a n i n a i t a a t o m o
utt40_012	k i m i n o k o e w o k i k e b a i ts u m o
utt40_013	f u sh i g i n i d a i j o b u t o
utt40_014	o m o e r u y o
utt40_015	n a N d e m a i h i r o
utt40_016	n e k i m i n o s o n o k o e g a
utt40_017	t o d o i t e k u r u k a r a ky o u d a cl t e
utt40_018	k o N n a n i w a r a cl t e i r a r e r u
utt40_019	k o e n o m a h o o d a
utt40_020	t o k u b e ts u n a k o t o
utt40_021	i w a n a k u t a cl t e
utt40_022	d o N n a k o t o b a d e m o
utt40_023	k i m i n o k o e d e
utt40_024	k i k e r u n a r a
utt40_025	i i N d a
utt40_026	a r i g a t o n e m u r e n a i y o r u m o m e w o t o j i s o n o k o e w o
utt40_027	k i i t e r u u ch i n i f u cl t o
utt40_028	g e N k i d e t a y o s o n o o t o
utt40_029	d a k e d e m u n e g a i cl p a i d a
utt40_030	k o N n a n i m o
utt40_031	sh i a w a s e d a
utt41_001	i ts u m o n o o h a y o w o d e s a e
utt41_002	a t a r i m a e j a n a k u t e
utt41_003	s u t e k i n a k i s e k i d a cl t a N d a n e
utt41_004	s u k o sh i t e r e k u s a i k e r e d o
utt41_005	ch a N t o ts u t a e t a i y o
utt41_006	k i m i n i a r i g a t o
utt41_007	h i t o r i y o r i
utt41_008	f u t a r i d e
utt41_009	f u t a r i
utt41_010	y o r i m o m i N n a d e
utt41_011	ts u n a i d a k i z u n a w a s o
utt41_012	i ts u m a d e m o k a w a r a n a i
utt41_013	m e m o r i a r u
utt41_014	h a j i m e t e n o
utt41_015	d o k i d o k i o m o i d a sh i t e
utt41_016	n a n i m o k a m o
utt41_017	k a g a y a i t e
utt41_018	m u t e k i n i d a cl t e n a r e t a
utt41_019	k o r e k a r a m o
utt41_020	d o N n a m i r a i g a k i t e m o
utt41_021	o m o i d e w a
utt41_022	m u n e n o n a k a
utt41_023	k i r a k i r a k i r a m e i t e i r u y o
utt41_024	i ts u m a d e m o
utt41_025	z u cl t o
utt41_026	p u r i p a r a d o r i m u
utt41_027	e g a w o d e ch i i z u
utt41_028	p i i s u s a i N n a r a b e
utt41_029	s e ts u n a n o t o k i w o
utt41_030	k a k e g a e n o n a i t o k i w o
utt41_031	e i e N n i n o k o sh i t a i i
utt42_001	w o k i N d a s a N sh a i k i r a k i r a g u cl d e i
utt42_002	n a y a m u t o k i m o a r u k e r e d o
utt42_003	i m a y o r i m o s u k i n i n a r u
utt42_004	w a t a sh i r a sh i k u
utt42_005	b a N b a N h a j i k e t a i
utt42_006	t a m e i k i b a k a r i n o s o N n a m a i n i ch i
utt42_007	t a i k u ts u sh i t e r u n o ch o cl p i r i
utt42_008	a r a t a n a i i p o f u m i d a sh i t e
utt42_009	m i t a i m i t a i n e s o w o d e sh o
utt42_010	m a w a r i n o k o t o k i n i sh i t e ch o cl t o
utt42_011	t a sh i k a m e t e r u
utt42_012	s u k o sh i y u u k i g a
utt42_013	h o sh i i n o n i
utt42_014	m i r a i
utt42_015	n e g a i
utt42_016	k i t a i
utt42_017	sh i t e r u
utt42_018	ry o t e h i r o g e t e d o k o m a d e m o
utt42_019	w o k i N d a s a N sh a i N k i r a k i r a g u cl d e i
utt42_020	n a y a m u t o k i m o a r u k e r e d o
utt42_021	i m a y o r i m o s u k i n i n a r u
utt42_022	w a t a sh i r a sh i k u
utt42_023	k a g a y a i t e
utt42_024	r a i f i z a p a t i k i r a k i r a g u cl d e i
utt42_025	t o k i n i n a m i d a k o b o r e t e m o
utt42_026	i m a y o r i m o s u k i n i n a r u
utt42_027	w a t a sh i r a sh i k u
utt42_028	b a N b a N h a j i k e t a i
utt43_001	n e n e s o k o n o m e N z u
utt43_002	g e N k i t a r i t e n a i
utt43_003	k o e d a sh i m o cl t o a s o N d e w a r a cl t e
utt43_004	s e k a i n o n e ts u ry o w o a g e t e k o
utt43_005	s u p o ts u n i g a t e d o ry o k u s a
utt43_006	m o t e n o h o s o m a a ch o
utt43_007	y a m a m o r i n o sh i g o t o z e ts u b o ts u k a r e t a m a r u
utt43_008	i ts u k a m u k u w a r e r u cl t e sh i N j i t e r u
utt43_009	o t o k o cl t e
utt43_010	t a i h e N n e
utt43_011	o t o k o cl t e
utt43_012	ts u r a i n o n e
utt43_013	o n a j i j a n a k u t e i i y a cl p a r i
utt43_014	o t o k o cl t e
utt43_015	t o k u i n a m o n o m i ts u k e t e sh o w o b u d a s u s u m e o t o k o
utt43_016	o r i j i n a r u d e
utt43_017	a i t o y u m e w o ts u b a s a n i h a b a t a k e
utt44_001	w a z u k a n a
utt44_002	h i k a r i n o n a k a n i
utt44_003	sh i a w a s e w o e g a i t a
utt44_004	y u k i k a u
utt44_005	k i b o w o y a y u m e w a
utt44_006	k o w a r e t e n a i n o n i
utt44_007	k a n a u y o o n i
utt44_008	ts u y o k u n e g a u
utt44_009	y a m i n o n a k a n i
utt44_010	t o b i k o m u t a b i
utt44_011	f u m i d a sh i t a
utt44_012	k i g a sh i t e i t a
utt44_013	z e ts u b o w o n i m a k e t a k u
utt44_014	n a i k a r a
utt44_015	k i r a m e k u s e k a i g a sh i cl k o k u n i k i e t a cl t e
utt44_016	i ts u k a
utt44_017	k a g a y a k i m i s e r u
utt44_018	h i b i k i a w a s e t a k o d o w o
utt44_019	d a k e w o t a d o w o cl t e
utt44_020	i k i r u i i w o
utt44_021	s a g a sh i t a
utt44_022	s a g a sh i t a
utt44_023	d a k i sh i m e t e t a y u m e n o k a g i w o
utt44_024	t o k i h a n a t e b a i ts u k a w a
utt44_025	n i j i g a u m a r e r u y o n i
utt44_026	k i m i t o k a n a e r a r e r u k a r a
utt44_027	t a sh i
utt44_028	k a n a
utt44_029	m i r a i h a sh i r i n u k e r u y o
utt44_030	k o w a k u t e m o
utt45_001	i ts u m o k a cl k o ts u k e t e r u k e d o k i m i n o h a n i k a m u k a o g a s u k i d e
utt45_002	m i n a i f u r i d e n a g a m e t e t a n o
utt45_003	i ts u m o k i z u k a r e n a i y o n i
utt45_004	k u s o n o n a k a d e f u t a r i j a r e a cl t e
utt45_005	h i t o r i t a n o sh i N d e i r u n o
utt45_006	f u i n o a m e n i
utt45_007	z u b u n u r e n o k i m i t o
utt45_008	s o r a w o n a g a m e h i k a r u
utt45_009	s u m a i r u n i
utt45_010	ky u N ky u N sh i ch a cl t e r u
utt45_011	h a n a sh i k a k e r u t a b i
utt45_012	t a k a n a r i g a t o m a r a n a i
utt45_013	sh i z u k u g a h a j i k e t e
utt45_014	k o i n o o t o n i n a r u
utt45_015	n a g a r e r u ch i N m o k u m o
utt45_016	k i m i t o i r e b a h a r e n i n a r u
utt45_017	y o w a m u sh i n o w a t a sh i n i m o
utt45_018	ch a N s u w o k u d a s a i
utt46_001	s u k o sh i h a d a z a m u i
utt46_002	h a r u k a z e n i f u r e t a
utt46_003	ky o w o g a h o N t o w o n i
utt46_004	o w a k a r e n o h i n a N d a n e
utt46_005	k i f u r u sh i t a f u k u m o
utt46_006	m i w a t a s u k e sh i k i m o
utt46_007	k i i t o k i i t o
utt46_008	k i m i t o n o o m o i d e t o m o
utt46_009	i m a s u g u
utt46_010	i e t a n a r a
utt46_011	a s u k a r a
utt46_012	n a n i k a k a w a r u k a n a n a N t e
utt46_013	i t a i
utt46_014	d e m o s o N n a y u u k i m o n a i y o
utt46_015	y u r a r i
utt46_016	y u r a r i n a g a r e r u t o k i w o
utt46_017	m o cl t o
utt46_018	f u t a r i k a N j i r a r e t a r a i i n a
utt46_019	s a y o n a
utt46_020	r a m a d e s u g u s o k o n a n o n i
utt46_021	u m a k u k o t o b a n i
utt46_022	d e k i n a i m a m a k i m i w o m i t e t a
utt46_023	i ts u k a k o n o k i s e ts u g a m a t a a
utt46_024	m e g u r i m e g u u cl t e k i t a r a
utt46_025	k i m i n o k o t o k i cl t o
utt46_026	o m o i d a sh i t e sh i m a u
utt46_027	h a r u n o n i o i n i k o g a r e t e k u
utt47_001	n e h a j i m a r i w o ts u g e t a
utt47_002	m o n o g a t a r i n o
utt47_003	k e ts u m a ts u w a d o N n a s e k a i
utt47_004	e g a k u n o d a r o o
utt47_005	k u r i k a e s a r e t e y u k u
utt47_006	z e ts u b o w o n o n a k a d e e
utt47_007	w a z u k a n a h i k a r i w o m o t o m e
utt47_008	p e j i w o m e k u cl t a a
utt47_009	ts u z u r a r e t a
utt47_010	u N m e i w o k a k i k a e t e
utt47_011	a g a k i ts u z u k e r u
utt47_012	m i r a i n o t a m e
utt47_013	b o k u r a w a n a N d o d e m o
utt47_014	s a g a s u N d a
utt47_015	t a t o e d o N n a n i k e w a sh i k u t e m o
utt47_016	m a d a m i n u s o r a e t o
utt47_017	t e w o n o b a sh i t e
utt47_018	f u r i s o s o g u k i b o w o n o
utt47_019	h i k a r i g a
utt47_020	k i s e k i w o o k o sh i t e
utt47_021	u N m e i w o k o e r u
utt47_022	m i r a i w o m o t o m e t e
utt47_023	d o k o m a d e m o
utt47_024	a sh i t a n o h i k a r i n i i
utt47_025	o b i e n a i d e
utt47_026	u e w o m u i t e
utt47_027	h o r a
utt47_028	m i ch i w o t e r a s u k a r a
utt48_001	z e N r e i m o k e i k e N m o
utt48_002	a t e h a m a r a n a i k a r a
utt48_003	u sh i r o m u k i n o m a m a
utt48_004	m a e n i m u k a i s u s u m u
utt48_005	k a N j o o m o
utt48_006	hy o j o o m o
utt48_007	k i m i w a ts u k a m i d o k o r o g a n a i b a k a r i
utt48_008	k a cl t e n a k i t a i b a k a r i sh i ch a u
utt48_009	k a k u sh i t e m o u r e sh i t o
utt48_010	e g a o n i n a cl t a r i k o r a e t e m o k a n a sh i t o
utt48_011	n a m i d a g a d e t a r i i i t a i k i k i t a i
utt48_012	o f u r e k o d e i k a n a
utt48_013	k a z a r a z u n i k i m i n i s u g a w o p u r e z e N t o
utt48_014	n e t a N j u N n i i i t a i k o t o m o
utt48_015	i e n a i k o t o m o
utt48_016	k i m i w a z e N b u o k a m a i n a sh i n a s o b u r i d e i cl ch a m o N d a k a r a
utt48_017	i s o n a y a m u n o g a
utt48_018	m o cl t a i n a i n a cl t e o m o e t e s a
utt48_019	k i k i t a i k o t o w o k i k i t a k u n a r u y o
utt48_020	k i m i e n o k i m o ch i m i b u r i t o t e b u r i d e
utt48_021	k i i t e k u r e t a n a r a
utt48_022	k i cl t o m a y o w a z u n i
utt48_023	s u s u m e r u k a n a cl t e o m o e t e s a
utt48_024	i n o s e N t o n a
utt48_025	i n o b e sh o N d e
utt48_026	k i m i n o k o k o r o n i t o d o k e
utt48_027	o a i w o N t u s e i a i r a b u y u
utt49_001	b u cl t o b a s e j o sh i k i w o m i ch i n o s e k a i e y u k o
utt49_002	m e w o a k e t a r a h i r o g a r u b u r a N ny u w a r u
utt49_003	b o k e N m o
utt49_004	ch o s e N m o
utt49_005	j i b u N sh i d a i d e s u
utt49_006	m i t a k o t o n o n a i i r o n o s e k a i n a r a
utt49_007	d a i t a N n i
utt49_008	z a N sh i N n i
utt49_009	n u r i k a e t e m i y o w o
utt49_010	n a n i m o sh i n a i y o r i m o
utt49_011	n a n i k a y a r a k a sh i ch a e
utt49_012	i m e j i w a
utt49_013	m e i k a k u n i
utt49_014	k o t a e w a ch i k a k u n i a r u
utt49_015	h a ch a m e ch a n a m a j i cl k u d e i j a n a i
utt49_016	k i k a k u g a i d a cl t e m o N d a i n a i s a
utt49_017	y a r a k a sh i t a r a t o r i m a s o w o r i
utt49_018	k i m i n i m a j i d e i j a n a i
utt49_019	t o b i k i r i n o e g a w o g a m i t a i
utt49_020	s e i k a i n a N t e ts u k u r e b a i i d a k e s a
utt49_021	ky u ky o k u n o m i t a i k e N m i s e t e a g e r u z u u cl t o
utt49_022	s o u z o m o h i r a m e k i m o
utt49_023	j o w o sh i k i s a e m o
utt49_024	y a cl t e
utt49_025	m i n a ky a w a k a r a n a i
utt49_026	k o r o N d a k a z u d a k e
utt49_027	u m a r e r u a r u g o r i z u m u k a r a
utt49_028	k i m i d a k e n o m a h o w o
utt49_029	m i ts u k e y o w o
utt50_001	s a i k o n o sh u N k a N n i a i n i k o
utt50_002	i cl k a i k i r i n o j i N s e i d a k a r a
utt50_003	n a n i sh i y o i cl k a i k i r i n o j i N s e i n a n o n i
utt50_004	b o cl t o sh i t e n o d o s e m u r i d a y o
utt50_005	y a r e b a d e k i r u y o
utt50_006	d o cl ch i m o k a N ch i g a i
utt50_007	t e r a s e s a ch i r a i
utt50_008	k i m i t o m e g a a cl t e u r e sh i
utt50_009	m i N n a n i m a t a a e t e u r e sh i
utt50_010	n a n i g e n a i h i b i n o k a N ch i g a i g a i t o sh i
utt50_011	k i m i n i k i r a w a r e t e k a n a sh i
utt50_012	a cl h a cl h a cl h a cl h a k a n a sh i
utt50_013	s a s a r u u r e cl t o n o u e d e o d o r o
utt50_014	u N g a w a r u i h i t o m o
utt50_015	n a i t e r u a n o k o m o
utt50_016	sh i a w a s e n i n a r e b a i i n a
utt50_017	i i n o n i n a
utt50_018	i cl t o sh o y o r i j a cl k u p o cl t o y o r i
utt50_019	h a cl p i y o r i h a cl p i y o r i m o cl t o h a cl p i n a
utt50_020	g o ts u g o sh u g i d e
utt50_021	d o m a N n a k a u cl t e
utt50_022	f i b a
utt50_023	f i b a
utt50_024	f i b a f i b a f i b a
utt50_025	t e N m o N g a k u t e k i k a k u r i ts u n o k o i
utt50_026	r a cl k i y o r i r a cl k i y o r i m o cl t o r a cl k i n a
utt50_027	z a N n e N n a h i b i
utt50_028	y u m e i r o n i n u cl t e
utt50_029	f i b a
utt50_030	f i b a
utt50_031	a r i e N h o d o f i b a
utt50_032	f i b a
utt50_033	a r i e n a k u t e m o
utt50_034	a t a r i m a e d e m o
utt50_035	b o k u r a w a i k i t e i r u N d a y o
utt50_036	t a sh i k a n a k i s e k i g a k o k o n i a r u y o
utt50_037	f i b a
utt50_038	f i b a
utt50_039	a r i e N h o d o f i b a
